app,acc,enrol,ftime,ptime,instate,outstate,rbcost,bkcost,phd,sfratio,expend,grad,top10
193,146,55,249,869,7560,7560,4120,800,76,11.9,10922,15,16
1852,1427,928,3885,4519,1742,5226,3590,650,67,10,11935, , 
146,117,89,492,1849,1742,5226,4764,500,39,9.5,9584,39,4
2065,1598,1162,6209,10537,1742,5226,5120,580,48,13.7,8046, , 
2817,1920,984,3958,305,1700,3400,2550,500,53,14.3,7043,40, 
345,320,179,1367,578,5600,5600,3250,350,52,32.8,3971,55, 
1351,892,570,2385,331,2220,4440,3030,300,72,18.9,5883,51,18
4639,3272,1278,4051,405,1500,3000,1960,500,48,18.7, ,15, 
7548,6791,3070,16262,1716,2100,6300,3933,600,85,16.7,6642,69,25
805,588,287,1376,207,11660,11660,4325,400,74,14,8649,72,67
1087,702,625,3772,1034,1704,2970,2536,500,62,19.4,4944,76, 
608,520,127,538,126,8080,8080,3920,500,63,11.4,7703,44,26
1627,1413,887,5160,1475,1740,2610,2600,570,66,20.1,4604,33, 
313,228,137,552,67,5780,5780,3600, ,70,17.9,5159,43,10
1206,957,444,1627,132,1740,1740,2449,570,58,18.8,4272,36, 
686,427,242,746,123,4000,4000,2700,600,35,16.7,4455,15, 
452,331,269,1417,301,6150,6150,3680,550,59,16.6,5412,52,17
949,605,385,1316,135,6639,6639,3999,600,52,14.5,7986, , 
1680,1395,691,2959,402,8236,8236,3700,569,74,14.7,9533,61,34
773,694,230,942,224,11478,11478,4788,500,80,14.4,8594,70, 
629,614,248,866,22,4460,4460,2754,600,47,14.3,5031,47, 
4414,1500,335,908,119,5666,5666,2964,1000,56,15.5,5970,46,30
1471,1281,824,4343,990,1697,2883,2570,300,50,23,4295,48,18
2267,1827,611,2825,144,6735,6735,3395,600,70,12.2,10872,65,20
7593,5972,2682,13780,1599,2172,5424,3530,580,80,17.3,6426,50, 
1797,1260,938,6960,4698,2220,4440,5175,750,96,6.7,16352,33,24
1376,957,445,2727,3394,2480,4960,3500,600,83,12.7,8863,38, 
2328,2110,1047,7516,2943,2208,3108,2850,480,80,13.3,8667,43, 
985,868,645,3477,1929,1905,5715,4430,600,74,18.1,4792,42, 
826,794,662,4539,357,1536,3552,2310,500,54,42.6,2033, , 
1450,1360,744,2993,1020,1392,3216,2328,450,47,16.2,4618, , 
708,334,166,530,182,8644,8644,3922,500,79,12.6,14579,54,46
1734,1729,951,3602,939,1730,3460,2650,450,57,19.6,4739,48,12
2688,2633,1488,7212,1707,1800,3720,2580,500,71,20,5128,39, 
3131,2703,1792,7402,1119,1700,3274,2600,600,71,20.5,4252,36, 
218,215,126,570,59,4800,4800,2850,400,49,12.8,8177, ,15
1490,1490,771,2942,997,1440,2880,2400,500,58,19,4540,68,21
823,721,274,954,6,8800,8800,3195,500,82,13.1,8588,63,52
605,405,284,961,99,6398,6398,3672,400,68,13.3,8118,75,24
1766,1322,1194,5753,4058,2136,5352,2435,800,61,14.7,4724,19, 
910,773,450,1310,61,6530,6530,2800,500,63,13.3,6413,65,31
350,350,222,701,239,2370,2370,1260, ,41,18.1, , ,12
220,210,131,509,97,3952,3952,2292,400,62,18,4061, ,12
792,792,499,2229,270,1500,2340,2240,400,40,17,4653,33,26
3235,3108,2133,9978,1530,1932,5028,3300,500,73,14.8,6820,39,25
1721,1068,806,3128,213,5504,5504,3528,700,71,17.7,6466,73,35
497,393,169,1364,454,6870,6870,3100,400,56,14.2,6219,81, 
12809,10308,3761,22593,7585,1828,7434,4850,700,88,18.9,4602,48,24
5891,4931,1973,11249,2682,1828,6746,3728,620,78,21.7,6157,41,23
14079,12238,4529,21664,4894,1828,7434,4216,620,91,19.6,9683,49,29
321,227,129,693,40,9800,9800, ,400,55,2.3,6562, , 
1080,948,504,2032,122,15500,15500,3700,250,47,12.8,9627, ,25
1118,896,459,2058,111,11388,11388,4546,1000,67,16.6,9329,36, 
308,262,157,592,113,6370,6370,3894, ,56,13,8554,43, 
1916,507,210,912, ,16695,16695,5051,735,100,6.5,62469,83,98
563,247,247,1427,432,12950,12950,5300,612,72,12.4,8985,60,23
6004,4480,1470,12147,6681,1606,8990,3476,600,88,19.9,6288,56, 
2121,698,1126,6790,2988,1432,8803,2550,450, ,20.5,7237,47, 
10278,7746,2576, , ,1053,8233,4400, ,80,20.3,5382,48, 
5609,2756,1268,9358,5222,1788,7454,2900,577,53,20.4,8145,49, 
1493,1194,428,4246,2457,1440,8820,2116, ,90,18.1,8257,24, 
2329,1619,1521,6609,4398, , , , ,93,20.3,6654,49, 
7811,3817,1650,12911,1404,2033,7380,4877,612,72,19.8,8453,59,47
5945,3887,1566,11177,4027, ,5904,4862,630,73,18.5,7867,50, 
4816,3922,1278,11822,1343, ,5904,5050,612, ,18.9,7798,63, 
4540,3294,1483,13494,1254,1802,7706,4368,600,90,21.2,7268,61,5
3467,2190,565,5637,678,1599,9979,4200,600,80,16.4,8650,65, 
4348,3026,1234,13724,8161,1716,9096,4500,700,79,19.2,7530,47, 
9402,7020,2151,16407,5550,1742,8384,5110,612,87,19.5,7930,41,20
7672,5331,2157,15567,7544,1440,5904,5500,576, ,20.3,6691,43, 
5385,3539,1259,13165,5937,1584,8964,6776,630,75,17.4,7651,55, 
5210,4094,1420,14392,7263,1976,8820,4224,350,72,17.4,5957,46, 
2726,982,557,4239,1259, ,7830,5189,610,79,16.1,7304,40,47
1042,830,461,2895,1678,1584,8868,5300,650,89,15.3,7333, , 
322,168,51,237,67,11760,11760,4225,630,90,15.7,10317,23, 
959,771,351,1662,209,16624,16624,5895,600,72,12.8,12692,47,23
1860,767,227,887,1,17000,17000,6010,500,99,9.6,18443,87,71
1377,572,178,654,5,17230,17230,6690,700,100,8.2,21569,100,95
1133,630,220,750,30,17688,17688,5900,650,100,10.4,14820,73,37
3037,1130,390,1500, ,17720,17720,7220,800,94,8.9,20682,91,80
855,632,139,569,7,17238,17238,7350,600,95,8.2,18372,73,60
344,264,97,500,331,12600,12600,5520,630,77,10.4,9773,43,11
258,157,43,273,317,11480,11480,5280,630,75,7.8,10362,44, 
213,173,75,648,150,12790,12790,6100,650,56,11.6,8966,50, 
659,530,325,1067,268,12180,12180,3885,683,69,12.6,8294,49, 
1597,969,226,1431,1522,13540,13540,5050,630,66,14.1,10139,47,16
315,275,115,553,9,13975,13975,6200,500,46,15.4,11304, , 
529,414,132,781,43,14100,14100,6000,600, ,10.3,14299,64,32
657,537,113,1039,466,12474,12474,5678,630,53,11.9,10613,72,37
2324,1319,370,1686,35,16560,16560,5140,558,91,10.5,16196,79,52
167,142,89,414,165,6500,6500,3000,500,38,10.7,5612,67,9
346,274,146,704,63,9900,9900,3670,630,59,10.5,8095,54,51
940,668,385,1316,139,11925,11925,3825,630,48,12.3,9157,69,20
809,687,428,1889,217,10176,10178,4190,800,71,16.1,7895,54,20
3821,2037,680,2488,625,18200,18200,6770,500,95,11.6,16185,66,86
385,340,193,784,127,9520,9520,4124,630,63,18.6,8219,43,18
2643,1611,465,2615,248,13332,13332,6354,630,88,16.1,9619,78,36
13608,2926,1616,6573, ,18669,18669,6795,840, ,9.7,33629,96,88
19873,8252,3215,19532,2061,3949,11648,6246,636,93,15.8,13919,78,95
16343,11399,3124,15429,1888, ,7699,5285,841, ,14.5,15873,76,95
15698,10775,2478,12677,864,4325,12024,5302,790,96,16.1,15934,66,85
22165,10435,3591,21637,1255, ,7689,5580,850,97,11.8,20260,77,93
9798,7566,1470,6922,265, ,7699,5430,780,98,13.4,12528,62,80
19433,11469,2481,13738,711, ,7699,6607,630,100,13.9,17674,66,95
16663,14141,3239,15638,693, ,11218,5990,630,96,18.9,9475,69,90
10758,8559,1717,8713,607, ,7699,6081,633,94,21.3,10860,59,94
1498,1219,306,1369,1587,16530,16530,6205,600,81,8.9,10685,73,26
2306,1721,538,4309,549,13226,13226,6452,750,86,13.6,10074,62,23
4019,2779,888,3891,128,13584,13584,5928,630,88,13.9,10872,100,40
12229,8498,2477,13259,1429,17230,17230,6482,600,90,11.4,17007,68,45
2459,1997,582,2664,299,16320,16320,5326,646,87,11.2,13706,65,36
950,713,351,1276,9,14320,14320,5304,490,77,14.9,8837,87,42
1681,1069,344,1235,30,16249,16249,5699,500,84,13.6,11778,52,35
349,313,111,765,191,13020,13020,5490,900,28,13.5,6944,54, 
52,36,18,88,12,10560,10560,6200,825,100,7.2,31012,55, 
177,136,41,438,103,14500,14500,5600,1200, ,14.4,9742,30, 
941,643,415,2571,1263,1204,8725,3475,300,82,13.4, ,24, 
3934,2735,886,3698,217,13600,13600,5940,630,93,15.6,10813,66,40
125,87,67,208, ,13400,13400,5200,300,68,10.9,11513,71,22
3768,2662,753,3558,436,13592,13592,5916,545,84,14.2,11677,84,42
688,497,144,641,101,10800,10800,4440,570,55,13.1,8415,55,30
1508,1259,569,1922,232,1386,1672,3730,520,63,27.9,3897,60,16
3207,1577,490,1892,7,17142,17142,4190,450,85,11.3,14664,84,56
5530,4007,1697,8463,1498,1829,7731,4128,540,75,21.5,6309,40,12
9478,6312,2194,15646,1829,2124,8412,4180,470,87,19.2,7850,59,29
3440,2823,1123,3793,486,1450,6198,3320,500,89,19.1,4362,46,16
1584,1456,891,3471,911,1434,5016,3798,540,48,28.8,3871,59,6
3512,2975,1662,9544,8177,1494,5790, ,500,75,21.1,4400,25,6
1107,904,308,1142,27,12700,12700,5480,520,90,14.8, ,53, 
1401,1239,605,3716,675,1644,7100,4380,540,63,19.4,5389,36,10
9557,1605,1160,4236, , , , , ,40,8.2,35754,88,72
14063,9320,3436,18465,1541,2230,12563,3811,540,90,19.9,8703,66,28
2974,2001,580,2666,554,15192,15192,4695,400,84,15.9,11762,67,29
2702,1623,604,2315,146,1819,5918,3755,500,76,19.4,4599,52,7
826,620,318,2570,1569,2475,8090,5544,540,93,15,6236, ,12
1199,562,261,3805,2728,1828,9244, ,520,89,18.1,7996,24,30
735,583,310,1001,65,6720,6720,3480,400,56,8.6,4588, ,9
353,340,103,416,230,13290,13290,5720,500,90,11.5,8861,63,17
4158,2532,902,6394,3881,1842,5962,4444,500,69,16.7,4900,49,6
3035,1546,438,1630,232,18740,18740,6300,600,86,10.7,14773,91,42
2486,1503,528,2818,1861,1842,5962,3936, ,69,15.5,5920, ,7
4784,3346,781,2984,1037,15000,15000,6200,700,86,15.1,11220,94,30
1651,1412,336,1411,1914,10600,10600,5020,500,79,15.6,7033,79, 
345,297,92,570,1273,11300,11300,5400,400,30,12.2,9310, ,13
3712,2153,806,2677,714,12030,12030,6140,1000,63,12,8847,86,17
2307,1896,509,1707,1889,11070,11070,5780,400,71,14.8,7120,82,19
3852,2652,1044,5892,2478,1842,5962,4796,700,62,15.8,5245,45,4
292,241,96,543,712,12200,12200,4600,650,87,11.2,8680,76,20
3058,1798,478,1737,244,18810,18810,5690,500,91,10.4,18034,91,46
5099,466,277,930, , , , , ,31,8.3,36704,71,72
598,441,153,527,312,12500,12500,6810,500,76,7.9, ,51,16
5081,4040,1194,3768,1415,14220,14220,6000,500,61,10.7,10625,66,11
4772,1973,712,2714,27,19130,19130,5600,1400,90,12.1,16262,92,60
2172,1493,564,2766,1531,1842,5962,4316,650,71,16.9,5719,50,14
10705,2453,1317,5217,83,19840,19840,6510,630,96,5.8,40386,99,95
9735,7187,2064,12478,1660,3824,11656,5072,700,89,16,10178,71,23
4613,3587,1048,4545,873,15934,15934,6400,450, ,13.6,11803,69,35
1754,1465,505,2159,211,13712,13712,6408,526,90,9.3,12751,75,24
825,645,392,1541,221,4700,4700,5400,663,58,6.6,24182, , 
7875,5062,1492,5471,1470,17450,17450,6328,700,92,7.6,14745,72,38
11115,2881,1390,5881,406,18300,18300,7131,670,91,7.2,19635,95,71
9776,3164,1666,6705,874,7128,7128,3750,300,78,7.5,18287,46, 
149,70,61,203,138,13780,13780,6915,500,84,5.7,13844, ,15
247,189,100,309,639,11412,11412,6430,500,89,8.3,11806,96,19
3895,3866,1717,3658,6327,974,3566, ,1550,51,11.7, , , 
2611,1845,764, , ,4878,4878,3810, ,60,13.7,9432,26, 
633,468,284,823,963,6120,6120,2985,531,25,27.6,6081,36,10
14446,10516,3252,14130,4522,3690,10220,4230,530,82,18.3,10650,75,22
980,807,350,872,448,9890,9890,4674,500,52,14.4,6243,84,10
1275,1275,635,615,1047,5340,5340, ,400,46,12.5,5992,56, 
990,784,279,1811,3144,11290,11290,5360,600,76,12.6,9084,72,18
1646,1150,542,2128,82,5188,5188,3396,650,48,13.8,6817,58,12
492,370,236,1125,482,9600,9600,4600,600, ,23.2,7400,33,10
1947,1580,523,1863,233,13900,13900,4140,750,90,10.6,8923,57,39
161,156,101,409,43,5200,5200,3400,500,55,15.1,6724, , 
3151,2584,958,4772,856,7800,7800,3750,570,37,16.5,12878,44,14
4880,2899,1463,7931,1357,1749,6651,2668,600,87,11.8,7243, , 
3181,2089,826,6035,6414,1800,6700,4060,600,90,15.6,8717,48, 
2400,1800,557,1312,176,4160,4160,3190,500,38,17.1,5304,35, 
1422,1109,366,1363,23,15360,15360,4080,600,82,12.8,15003,59,33
1381,1040,374,1506,970,8025,8025,4865,400,65,17.4,6339,68,20
11651,8683,3023,18906,3242,1780,6680,4060,600,80,23.1,7250,58,50
1344,1008,305,1556,517,9600,9600,4380,700,61,12.1,7679, ,16
1292,956,315,1250,200,13900,13900,5600,400,69,19,12614,65, 
1025,770,257,1893,1220,8550,8550,4740,720,90,20.4,12523,23, 
1777,1151,382,1668,1052,16425,16425,5220,955,81,13.3,11561,90,31
990,683,201,3400,3731,9150,9150,4650,525,47,72.4,3379, , 
1557,1227,489,1964,81,12315,12315,4565,600,85,12.5,10307,73,37
12445,8836,3623,24470,3286,1820,7090,4180,630,88,13.4,14737,66,54
7122,5386,1643,7760,876,16500,16500,6526,630,82,5.9,17500,59,42
7589,4676,1876,14770,10962,1856,6760,3776,500,84,17,11020,47,29
1675,1190,325,1812,374,11690,11690,4564,700, ,13.9,8716, , 
280,143,79,327,110,5590,5590,2900,650,53,15.1,4839,90,5
6986,2959,1918,12330,7152,1716,6618,4234,700,80,22.2,6742,46,25
1558,1254,472,3754,2477,1597,6172,3994,541,83,23.4,8488,53,20
1415,714,338,1345,44,5120,5120,3200,500,52,18.1,3930,69,18
400,280,134,397,62,6200,6200,3270,320,53,14.4,7774,42, 
729,625,349,1432,334,7900,7900,3400,500, ,19,6014,38, 
3306,2079,1071,10208,9310,1695,6597,2494,800,81,13.9,6722,66,42
1800,1253,560,3876,3588,1732,6634,4360,600,82,17.8,6104,47,44
417,349,137,510,63,12960,12960,5450,450,92,7.7,19016,59,60
1461,1097,580,2035,321,1772,4535,2754,675,65,17,6238,62,10
2186,1835,1263,2796,2391,2028,5604,4192,450,45,10.5,5667,88, 
4502,2497,790,2844,88,7908,7908,4238,600,63,14.9,9345,53, 
1452,1158,870,2902,1825,1422,4266, ,495,65,18.9,5513,38, 
1858,1221,480,1620,49,8050,8050,3940,350,80,16.3,10511,63,37
367,274,158,917,479,9592,9592,5879,500,71,13.7,5935,49,12
1436,1228,1202,1320,822,4371,4371,2370,500,62,12.6,4900,18,10
1348,1050,774,2873,1736,1381,2763,3375,800,61,16.5,5332,32, 
8506,4168,1236,5544,192,17600,17600,6000,600,97,5,28457,96,76
2092,1474,649,1903,221,1341,2682,2370, ,59,13.9, ,39, 
7837,4527,2276,8528,654,1899,6489,4438,795,92,19.3,11271,70,89
652,503,297,2229,1283,1341,4023,3219,465,52,17.3,6208,36, 
8388,5423,3034,11404,1007,1808,4571,2987,450,60,19.7,4830,46, 
860,716,330,1703,473,1578,4158,2415, ,50,18.1,7091,26, 
3793,2341,1238,7732,9054,2154,6744,2655,720,87,19,7762,34,9
2402,1824,1161,5438,5556,1422,2844, ,450,62,19.8,4907,21, 
544,399,177,600,363,6987,6987,3585,750,77,12.5,9067,75,15
2286,1668,564,2943,1260,11985,11985,4081,400,93,9.2,8995,91,37
3708,1678,722,2852,153,7050,7050,5490,250,71,17.8,8122,83,41
6407,1500,595,1752,125,6770,6770,4438,600,49,15.7, ,21, 
1612,1077,775,2023,316,1382,4145,2445,180,60,17.5, ,53, 
792,649,186,769,377,12900,12900,4340,600,91,13.1,8568,67,56
1322,636,225,589,97,5460,5460,2814,500,48,10.9,8967,27, 
663,562,127,641,63,5640,5640,3620,600,89,13.2,7309,31,20
1702,1448,726,2726,472,1800,3200,2145, ,60,19,5847,48,12
540,445,165,1115,111,7210,7210,3600,500,62,13.2,7356,58,23
3713,1237,443,1971,107,7000,7000,5565,660,73,12.5,9988,65,47
 , ,182,781,82,6072,6072,3636,400,48,16.8,6015,54,18
11220,7871,3320,19553,2748,1899,5697,3600,525,88,14.7,7881,63,43
3674,3247,1586,5982,1418,1770,4617,2940,600,67,20,5374,45, 
305,287,109,382,46,11500,11500,4500,515,68,7.6,11605,52,38
3668,2604,1331,4538,1179,1806,4650,2973,490,59,19.2,5687,40, 
1868,1788,829,3467,1167,1694,4457,2739,450,70,21.4,4706,52, 
407,317,181,468,31,9700,9700,3744,470,73,19,8614,56,21
1109,688,386,1897,208,8325,8325,5000,1200,14,16.1,6874,55,20
621,546,103,766,1154,10600,10600,5490,700,63,14.1,5073, , 
1038,533,428,2008,23,1780,1780,3360, ,64,16.8, , ,21
3580,2603,1627,11028,2411,1460,4460,3038,687,85,11.8,12833,54,36
1827,1409,1169,4312,2302,6300,6300,6500,500,59,23.3,5301, , 
1499,779,500,2082,871,480,2920,4270,714,72,15.8,11460,31,20
392,351,155,738,430,10260,10260,3597,600,39,13.1,8355,58,16
860,688,285,1928,442,13306,13306,3797,450,62,8.8,6333,78,32
1283,1113,401,1355,40,10938,10938,3660,650,76,13.5,8444,67,31
460,340,167,604,350,10740,10740,3676,350,67,11,7963,74,14
1006,742,275,1127,205,13925,13925,4390,500,73,12.7,10141,67,29
1538,1329,383,1140,10,15248,15248,4323,550,71,12.2,10340,64,33
604,562,328,1048,56,9800,9800,2650,450,61,12.5,7325,87,25
2799,2573,839,3322,726,13420,13420,4770,560,88,15,9473,77,34
555,414,242,996,2281,9100,9100,3100,550,51,23.6,5609,47,14
535,511,233,1098,380,9820,9820,3360,570,32,12.6,6687,32,11
2039,1389,432,1333,30,15688,15688,4618,400,88,9.5,18979,83,56
8427,7424,3441,18676,1715,2291,7550,3224,640,81,19.2,8420,65,26
443,291,127,563,427,9850,9850,3400,500,45,17.2,7349, ,11
1641,1283,527,1663,170,11200,11200,4000,500,61,14.2,7578,70,20
1549,1392,587,2269,85,13240,13240,3560,600,73,13.8,8949,77,38
328,243,93,663,340,9980,9980,3640,500,44,12.3,7791,69, 
586,533,239,950,228,10520,10520,3678,500,48,13,8111,56,16
368,317,159,806,542,10500,10500,3555,500,44,11.3,6695,64,20
325,284,95,364,88,9900,9900,3650,500,32,13.6,6525,21,16
860,811,366,1040,52,9900,9900,3075,300,68,14.9,6357,68,22
1016,872,300,1116,602,11250,11250,4980,550,66,15.8,7411,70,27
897,718,276,1345,390,10450,10450,4020,500,56,14.1,7444,70,12
4144,3379,1853,10135,1448,2291,6197,2930,595,78,16.3,6333,77,18
576,558,137,662,131,10430,10430,3620,400,85,16.5,8767,45,11
9224,8025,3262,15412,2878,2291,8149,3423,640, ,13.1,12194,62,23
663,452,192,1481,1160,8840,8840,3060,500,69,17.4,3733,78,10
1231,1074,345,1295,105,11600,11600,3610,400,66,12.4,7735,67,34
451,306,123,611,146,9980,9980,3640,600,46,12, ,51,10
326,294,140,630,107,10000,10000,3110,495,35,13.3,7057,40,10
3619,3080,1888,7948,5040, ,2093,3069,600,59,17,5705,25, 
587,479,158,678,41,13500,13500,3335,500,67,9.4,9727,55,38
1989,1627,1137,6547,2464, ,4500,2980,500,67,16.5,6266,33, 
1001,551,428,1970,1256,1412,5120,3190,908,60,12.1,6997,44, 
616,514,385,1115,60,9840,9840,2820,450,59,14.8,6261,58,29
3133,2799,1337,7242,1431,1548,5962,3540,832,82,13.5,8805,45,24
1879,1658,497,1950,38,13353,13353,4173,540,78,12.7,9220,71,36
532,481,127,815,801,10250,10250,3850,550, ,9.1,8358,56, 
261,192,111,453,266,9690,9690,4300,500,57,9.7,9337,71,15
500,336,156,421,27,6500,6500,2700,500,76,14.3,8377,51,25
3767,3414,1061,4531,643,10870,10870,4440,2000,75,14.4,7671,85,30
422,305,160,781,240,9810,9810,4160,400,52,17.5,9729,80,30
2419,2160,1117,4852,1991,7310,7310,4350,500,18,13.4,5682,41, 
528,403,186,1168,145,9216,9216,4191,400,56,12.1,7309,75,22
4815,3551,1227,6069,3719,11214,11214,4932,600,69,16.1,8322,63,30
5597,4253,1565,9161,845,1902,5710,3066,120,62,16.2,5682,76,12
560,454,113,484,16,10955,10955,3450,330,62,10.6,9552,53,36
510,387,194,771,53,10310,10310,4530,400,57,14.3,8222,60,20
894,787,262,909,28,8050,8050,3850,600,75,15.6,7348,52,28
1756,1360,478,1911,626,14550,14550,4620,500,80,12.3,12851,56,42
8681,6695,2408,15701,1823,2600,7799,3403,537,77,21,5569,54,10
2086,1507,631,4056,3433,1902,5706, ,552,78,15.1,6453,21,14
3553,1719,777,4543,2694,1848,5544, ,650,47,15.6,6195,18,12
3050,1342,471,1818,23,14360,14360,4090,400,77,12.9,9605,83,55
313,228,137,552,67,9414,9414,4554,500,34,10.6,7840,56,10
150,150,121,338,33,6900,6900,4851,800,24,15.9,8812,80,15
1040,845,286,967,24,15747,15747,4062,400,88,12.7,13224,79,48
979,638,271,968,20,16880,16880,3970,920,91,10.7,15687,77,31
1154,1050,395,2192,1423,10560,10560,4520,500,36,14.3,7701,61,12
3579,2959,868,5244,3417,11500,11500,5330,700,94,6.2,13009,65,25
740,558,177,628,63,9620,9620,3750,550,49,10.8,10642,59,12
1002,555,119,836,684,7680,7680,3740,500,70,17.7,6652,52,16
1444,1261,456,1788,95,11910,11910,4378,450,60,11.4,8149,75,29
601,503,204,671,11,13000,13000,4100,400,91,11.6,11087,56,28
513,347,279,2508,505,9090,9090,4500,650,62,18.3,7905,71,23
1127,884,308,1310,766,11718,11718,7398,450,73,16.4,8871,76,30
465,361,176,879,156,12580,12580,4345,400,76,13.1,10889,74,19
10706,7219,2397,14826,1979,2600,7799,3296,470,73,17.3,6086,56,12
12289,5200,1902,7450,45,16404,16404,5520,759,96,6.8,26385,92,85
678,640,388,1503,293,7700,7700,4140, ,39,14.6, ,54, 
205,179,129,570,22,12816,12816,5344,1125, ,9.6,16506,90,13
1025,707,297,1070,72,10100,10100,4140,450,69,16.3,6880,80,22
591,505,196,907,364,12305,12305,4066,800,57,12.3,8695, ,15
422,367,218,1700,2902,8580,8580,5100,600,75,12.2,8995,77,13
434,321,141,624,269,10950,10950,4600,550,79,12.9,9264,81,28
 , ,2158,16961,2499,2318,6953,3256,600,71,14.9,9158,44, 
2540,2195,994,6063,2550,1824,5472,3598,221,76,16.5,7498,43,13
607,558,269,1222,519,10500,10500,4348,650,81,11.6,8324,75,22
785,647,295,1670,726,10860,10860,4624,600,87,13.7,8953,55,15
746,473,317,834,50,9600,9600,4110,600,54,21.9,5252,28,39
6348,2999,922,3340,39,18930,18930,6380,500,99,5.3,36854,90,68
14939,11652,5705,25422,911,2760,7560,4574,500,87,17.4,8559,81,52
8384,5727,2710,13518,2916,2520,7230,5088,630,82,10,13883,34,22
6491,5027,1563,9015,1449,1902,5706,3193,600,77,17.2,6566,55,6
1432,920,548,2200,56,11480,11480,4200,530,81,12.7,11916,85,56
1216,908,423,1819,281,10100,10100,3520,550,48,12.1,7994,59,19
9361,7910,3849,16148,2207,2864,7244,3608,500,69,17.7,7449,51,38
495,415,267,733,402,9300,9300,3000,500,51,14.6,6392, ,15
2362,2037,700,2607,148,13130,13130,4650,500,77,10.9,9511,83,40
1994,1656,495,1983,36,14300,14300,5020,550,78,11.1,11525,82,50
1358,1006,274,1028,13,15036,15036,4056,600,90,10.6,14634,78,35
2096,1626,694,2551,407,11800,11800,4340,700,60,15.8,7780,77,35
804,632,281,840,68,10390,10390,4040,525,54,12.5,11751,60,29
440,396,221,910,166,9420,9420,3730,600,51,9.9,10270,72,26
548,428,167,618,113,8958,8958,3670,300,53,15.3,9798,64,18
1006,837,317,1024,15,8200,8200,3485,500,84,10.6,9248,64,33
450,430,125,488,43,9950,9950,3920,300,76,11.8,9466,47,20
1487,1276,388,1417,1646,11120,11120,4080,525,55,11.1,6735,69,26
1052,810,167,477,602,8120,8120,3790, ,40,15.4,6111, ,7
2379,2133,1292,4283,2973,2040,4973,3192,500,56,22,4078,38,8
16587,13243,5873,24763,2717,2984,9766,3990,600,77,21.3,8686,68,25
814,814,616,988,1356,2369,6140, ,570,52,13.8,5153,24,6
2464,2306,1714,4981,5917,2090,5170, ,500,67,16,4843,41,7
4630,3655,2301,9216,11176,2766,8490, ,600,69,10.4,12803,25,5
1108,1086,723,1139,2070,2369,6140, ,660,60,14.7,6303,23,4
1572,1241,907,2699,2611,2369,6140, ,500,56,18.2,4635,33,5
1500,1250,980,2761,3341,2412,6594, ,600,69,14.4,5378,33,10
1265,1256,911,2728,2660,2369,6140, ,500,76,16.7,4546,33, 
1004,802,239,909,51,10440,10440,3850,525,63,11.8,7940,64,23
770,542,238,923,427,9990,9990,3822,450,38,10.4,7799,61,15
735,423,366,2448,707,9210,9210,3782,700,49,39.8,6562,34,20
495,465,275,695,193,7620,7260,2984,740,41,11.5,5514,62,18
21804,18744,5874,26213,4065,2884,9556,3990,570,86,18.2,8604,67,29
 , , ,3831,4186,2374,5521, ,490, , , , , 
3320,1840,381,1320, ,13380,13380,4206,600,91,13.6,13550,97,73
213,166,85,513,247,8670,8670,3820,450,43,12.5,7440,48,13
920,684,225,815,222,11200,11200,4250,600,55,14.8,7360,67,24
225,203,176,470,627,3960,3960, , ,37,10.6,4119, ,13
150,130,88,341,768,10300,10300,4130,500,44,10.2,9678,75,23
888,734,393,1433,27,12730,12730,4514,500,74,9.9,11165,98,26
69,44,36,118, ,6004,6004,4226,400,67,4.9, , ,30
1769,1092,437,1757,81,10965,10965,4000,450,60,14.2,8294,98,41
1262,1102,276,978,98,9456,9456,4350,468,53,12.8,7603,65,14
7700,3700,1906,7671,30,16850,16850,4400,600,96,13.1,13936,97,79
2075,1727,520,2501,198,11800,11800,3260,500,87,14.2,9681,95,49
800,623,256,801,5,12925,12925,4195,500,78,9.9,14904,72,41
5659,4761,3147,8596,1949,2802,6892,3706,600,72,16.6,6996,40,10
602,483,206,958,466,8620,8620,4100,400,58,11,6136,65,21
878,816,200,706,62,8740,8740,3363,550,62,11.6,7718,48,16
202,184,122,537,101,8540,8540,3580,500,61,8.8,8324,56,19
1363,1363,806,3640,706,1734,4869,2950,500,65,18.1,5804,44, 
358,276,172,838,122,8516,8516,3130,650,55,25,4962,49,5
1419,1313,813,4469,499,1778,5424,3000,300,52,23.2,1834,58,11
1256,1256,853,3957,588,1729,5401,3144,450,72,19.3,5527,50,43
5880,4075,2833,14914,2246,1713,6995,3120,600,76,18.5,6122,54,25
589,575,148,474,258,8400,8400,3250,500,63,12.4,6535,68,16
420,293,93,336,80,7950,7950,3750,600,54,9.8,9754,48,11
607,388,236,538,36,7250,7250,3245,400,47,14.5, ,46,8
213,155,75,504,147,7200,7200,3532,550,56,11.8,7818,52,28
273,229,66,439,415,7800,7800,3880,800,50,8.2,7364,53,25
479,373,127,631,133,8280,8280,3260,500,50,16.1,10049,36,20
257,183,109,396,38,7850,7850,3410,400,55,10,7233,53,19
8579,5561,3681,17880,1673,1650,6994,3384,700,88,13.7,9657,57,25
1100,1078,560,3157,2705,2790,4774,3210,450,82,13.8,5828,53, 
2901,2236,896,6550,5083,1650,6994,3299,450,82,20.4,5950,32, 
331,331,225,1100,166,6840,6840,3720,1100,33,15.4,5524,49,15
632,620,222,702,501,9550,9550,3850,350,64,14.1,5922,58,14
1174,607,289,555,24, ,3800,2480,500,56,19.4,6616,31,20
643,509,280,1110,39,8988,8988,2764,500,61,12.1,7741, ,26
807,707,308,1198,605,8840,8840,2950,750,74,13.1,6668,84,39
1836,599,455,1540,51, , ,2835,450,77,13.2,11719,57,35
307,260,99,452,249,7500,7500,3200,650,49,10.1,6554,56,17
848,587,298,935,184,6060,6060,3070,600,62,17.7,5391,49,25
283,201,97,589,263,8400,8400,2800,600,50,10.6,6860,89,10
1013,888,288,943,7,11850,11850,4270,600,95,11.4,13118,74,55
995,789,398,1306,122,6230,6230,3526,400,42,13,8189,63,26
5443,5135,2445,11208,3350,1700,4700,3196,600,82,19.8,5394,39, 
727,693,286,1063,48,8000,8100,3950,550,73,13.3,7508,55,30
1636,952,424,1544,896,1340,4120,2682,510,60,15,8372,19,6
584,497,175,662,121,8000,8000,4150,500,57,11.3,7058,62,20
1089,865,382,1006,164,6600,6600,3550,400,32,19.3,5067, , 
2825,2495,1300,6311,975,1580,4740,2950,500,58,19.9,5175,52, 
2225,1910,1190,5968,955,1580,4738,3110,700,72,20.2,5972,52,29
404,400,169,797,100,6000,6000,3000,500,48,13.4,5557,61,28
759,729,244,867,51,10900,10900,4450,500,81,12.1,10219,70,57
484,384,177,634,78,7800,7800,2950,500,60,14.1,6864,64,9
7769,5689,2675,14931,2596,2160,6640,3226,450,95,12.2,11098,52, 
4777,3057,1823,9844,6198,2180,6540,3600,530,84,11.1,10207,31,16
808,594,218,756,502,9490,9490,3892,400,65,10.5,7678,66, 
4441,3260,2082,10264,2910,1801,4961,3149,500,66,19.1,5063,45, 
2920,2506,1682,7112,3832,1720,4720,2900,500,66,17.7,4745,52, 
495,434,210,775,44,8950,8950,3490,600,86,11.3,9685,66,35
1998,1376,651,1539,45,6700,6700,3650,500,52,14.1,7566,61,41
2020,1898,1092,4921,1338,1980,4572,2550,600,65,21.8,4466,36, 
4847,3518,1900,6567,261,1044,1044,1306,500,46,24.6,5034,58,27
2013,1053,212,912,158,5150,5150,3036,500,64,10.5,7547,59,33
2397,2144,1525,6720,1822,2262,3957,2325,618,66,20,4546,45,22
5996,4993,3079,16269,3757,2625,5925,2980,600,83,15.9,6741,37,29
675,645,500,2413,1477,1950,4990,1680,617,62,18.1,4287,35, 
2406,2139,1501,8158,3643,2362,5154,3116,800,75,17.9,5260,19, 
1891,1698,719,2740,761,11100,11100,5870,600,77,11.7,9456,53,24
2066,2031,1525,6020,1317,1966,3450,2310,650,69,21.1,3976,34, 
2963,2814,1840,8718,1707,1644,3804,1980,617,57,20.6,4092,21, 
2671,2671,1330,5742,1969,2040,4040,2216,500,67,29.5,4587,33, 
246,217,171,674,472,4400,4400, ,534,72,16.1,5053,73, 
3247,3247,2297,9724,2192,1910,3854,2230,250,61,24.3,3666,29, 
900,900,490,2911,1089,1451,3009, ,600,62,19.6,4355,35,10
7033,5125,1223,4941,1534,19040,19040,5950,350,98,9.1,16920,74,47
4299,4250,2664,11767,3219,1898,4898,2082,560,63,22.7,4099,30, 
2097,1915,695,2793,166,6900,6900,4200,617,67,14.4,8323,49,34
2431,2416,1711,7534,775,2028,3950,2982,600,50,15.9,5244,33,37
1420,1093,220,1018,287,8700,8700,4780,450,78,14.7,7355,69,9
4302,992,418,1593,5,19760,19760,5300,660,93,8.4,21424,100,83
350,283,82,367,406,10800,10800,4835,500,45,11.7,5982,82,9
2135,1700,491,1708,689,12000,12000,5920,500,93,13.8,7100,88,23
1981,1541,514,1927,1084,12500,12500,6200,375,73,16.8,8707,80,18
2007,1139,407,1680, ,16600,16600,6985,500,93,16.8,15286,94,30
3466,2330,640,3095,1533,13800,13800,5510,630,87,17.5,10941,82,20
1975,1516,712,2223,304,11550,11550,6990,400,15,10.2,9719,38, 
13112,6179,2154,8807, ,16640,16640,6960,500,95,16.6,10989,90,66
20192,13007,3810,14971,3113,18420,18420,6810,475,80,11.9,16836,72,45
443,330,151,453,42,14080,14080,6270,500,57,10.2,15387,46,5
4186,2743,740,2819,62,19380,19380,6750,410,90,9.8,17150,84,48
2887,2059,457,1928,296,17500,17500,4200,500,94,10.5,11951,79,30
245,208,125,544,436,11800,11800,4765,450,71,11.3,8952,86,23
2994,1691,659,2675,22,18000,18000,6300,400,92,11.3,12138,95,70
1224,936,283,891,332,13600,13600,5450,600,39,8.7,11992,58,5
516,409,200,1238,30,8770,8770,3500,450,58,17.3,6430,70,17
1849,1228,492,2025,169,15200,15200,7782,500, ,18,10602,62,19
1000,858,319,665,298,11455,11455,6130,400,33,12.3, , ,10
674,565,282,1151,39,12200,12200,4070,400,73,14.2,9226,66,25
13865,2165,1606,6862,320,18485,18485,6410,500,97,9.9,37219,100,90
618,540,171,470,59,11475,11475,6200,600,32,9.1,10066, ,8
244,198,82,1134,336,11700,11700,5300,550,71,27.8,8694,58,12
3986,3026,1093,5740,4182,4694,9838,4164,500,81,16.1,7607,53,8
6411,2140,1078,4481,28,20100,20100,5975,725,99,10.1,33541,94,96
4915,3340,1064,5356,1502,1408,5542,3991,500,73,17.1,4666,51,4
2857,2090,577,2879,1412,1408,5542,4030,450, ,14.7,4861,57,5
4141,2316,586,3248,1969,1380,5244,3366,500,68,21.2, , ,7
1563,1005,240,1380,136,1408,5542,4330,500,65,14.2,6562,57,1
3973,3168,1334,5625,3416,1408,5542,3514,375,55,21,4386,45, 
3100,2150,825,3234,941,1408,5542,3788,500,75,15.7,4222,65,3
2197,1515,543,3089,2029,2663,6797,3900,500,60,21,4469,40,4
1800,1314,526,1891,40,19300,19300,5700,750,79,9,18359,84,47
4750,4041,795,1501,334,9810,9810,6890,300,32,13.5,5025,77, 
780,702,218,707,693,9744,9744,5624,400,83,27.7, , ,6
11901,8492,2517,11160,10221,13380,13380,7425,600,73,12.9,9563,46,16
354,323,125,372,28,15190,15190,6480,400,46,8.9,14795,67, 
427,385,143,581,533,12700,12700,5800,450,81,10.3,11758,84,18
1003,782,295,1144,160,16160,16160,6950,500,74,8.9,14086,79,23
2925,1598,632,2479,95,18820,18820,6390,500,85,10.3,21199,90,51
3347,2597,1006,4664,1630,1836,6919,4500,500,74,15,7462,56,10
1888,1347,519,2160,131,9438,9438,4300, ,55,12.8, ,76, 
3646,2300,585,2022,926,12170,12170,6172,480,79,13,7495,97,25
1247,980,356,2207,814,10584,10584, ,500,95,13.3,9336,60,11
7614,3605,1205,4598, ,19701,19701,5968,600,99,10.3,18981,92,60
14438,12414,3816,16282,1940,2220,8566,3897,500,88,16.7,10276,68,12
2237,1495,800,6034,4954,2220,8568, ,560,86,14.5,10132,41,10
2895,1249,579,2195,156,18345,18345,5995,500,94,10.6,21409,91,80
1650,1471,409,1803,1116,8994,8994,5500,498,74,15.4,8409,59,7
1738,1373,417,1335,30,18460,18460,5970,700,92,13.2,22704,71,21
399,335,161,736,29,13472,13472,5528,400,74,9.6,12113,74, 
4186,1245,526,1988,29,19629,19629,5790,500,94,9,22014,99,81
2768,2314,682,2802,86,15884,15884,5370,530,92,15.2,10774,82,49
1342,998,309,1079, ,20655,20655,5475,375,79,11.4,14276,62,26
300,171,132,303,3,16900,16900,5620,400,76,8.2,13311,84, 
1480,1257,452,2961,572,9850,9850,6050,850,10,15.4,17858,64,6
100,90,35,282,331,8400,8400,2812,300,10,12.1,7976,52,10
1643,882,407,2179,1089,2141,4869,4075,600,57,22,7848,17, 
457,356,177,667,1983,11180,11180,5620,600,64,11.5,7477,75,35
1301,957,101,514,466,9500,9500,3450,700,47,13.9,9431,63,13
1478,723,381,1863,775,2600,5000,4540,500,69,16.3,7160, , 
2916,2167,911,4147,449,2431,5428,4390,700,78,17.8,5491,54, 
1151,813,248,850,80,15588,15588,6174,500,78,9.2,16623,77,40
699,565,176,710,399,13960,13960,6040,450,82,14.4,12434,72,36
8474,3446,911,3566,1569,18800,18800,6740,500,96,3.3,56233,90,75
4076,3137,738,3010,184,12990,12990,6300,600,86,14.7,9448,80,25
5892,3034,1358,4517,745,1794,4136,4640,550,80,18.2,6867,29,20
1321,1159,328,1243,79,12850,12850,6200,550,77,12.8,8536,80,15
4216,2290,736,4296,1027,2328,5130,4690,600,73,17.9,5125,56,20
323,278,122,393,4,16150,16150,5450,275,63,7.2,15622,64,31
1340,695,285,1315,209,4000,6800,4730,675,84,11.6,10357,63,42
6151,3837,1215,9247,3584,2166,5166,4480,660,76,17.6,5401,60, 
11522,1463,1181,4125, , , , , ,54,6.8,40020,94,50
14292,10315,3409,19340,3991,2919,8723,5146,550,89,18.1,9021,63,22
4269,2594,985,6476,2592,3338,8594,4408,494,82,18.4,7618,55,27
1600,1016,508,2067,199,2674,7014,3580,500,56,17.8,5191,35, 
823,347,237,1055,803,7400,7400, ,600,39,10.2,5287,72, 
1209,942,214,822,46,15276,15276,5318,500,79,11.2,10830,65,31
1205,984,278,1071,98,14510,14510,5340,500,84,12.5,10026,60,31
461,381,235,974,503,2700,6600,3630,400,67,15.2,6408,35,10
3461,1541,577,1599, ,25180,25180, ,650,79,9.8,16444,93,53
3356,1019,418,1490,8,19030,19030,5885,1495,93,11.2,20447,96,76
2848,1319,456,1720,35,18930,18930,5590,500,83,10.2,15954,91,58
1208,803,438,1906,344,2790,6810,3970,450,67,15.9,5712,59,20
225,168,104,467,174,1968,4800,3395,500,65,15,5632,38,5
723,652,361,951,706,7800,7800,4000,350,36,22,4923,84,10
1209,750,265,820,159,11450,11450,5045,900,72,11.4,9718,64,19
833,682,217,716,2196,9985,9985,5180,500,53,27.2,4322,85,12
356,312,139,388,412,8850,8850,4450,600,29,21.8,5001,75,18
5260,4589,1741,7366,1795,3085,7975,4385,500,93,14.5,7379,56,23
441,369,172,633,317,2700,6600,3680,600,46,15.1,5935,64,17
456,409,185,458,25,8750,9550,4750,400,45,11.4,6145,44, 
2335,1933,905,3556,2917,2880,8160,4219,500, ,14.6,7391, ,10
1428,1097,336,1036,99,11250,11250,3750,400,53,12.9,8735,54,22
1899,1720,489,1594,32,13868,13868,4826,450,89,13.7,11487,73,37
1267,1080,385,1306,28,12572,12572,4552,400,79,15.3,9305,68,44
1130,704,322,1586,326,9996,9996,3090,900,62,11.5,10908,46,14
619,516,219,1251,767,11208,11208,4124,350,55,12.7,6584,65,20
1784,1512,913,3401,136,10230,10230,3710,400,75,14.8,7786,81,29
7304,6263,2539,13244,1396,2725,6660,3836,600,66,20.4,6965,70, 
180,171,74,562,18,10430,10430,2960,400,55,11.6, ,84,19
260,195,139,235,307,5519,5519,2400,500,85,12.9,8336,16, 
6693,5423,2242,13142,6421,2482,6360,4031,600,74,20.6,5955,49, 
8671,5855,3395,8996,1901,3412,6911,4171,590,38,18.2,6467,57, 
5165,3887,1561,8234,2619,2422,6108,3800,500,64,20.6,5063,57,20
920,745,347,1133,42,11090,11090,4700,400,80,12,12639,79,35
1712,1483,624,2505,208,12275,12275,4341,465,72,12.5,9284,72,37
1224,1101,338,1218, ,16179,16179,5094,510,75,12.4,13207,74,55
867,695,312,2176,2063,6759,6759,2250,700,40,15.8,4727,45,28
440,391,231,1367,2662,5040,5040,4152,395,54,14.7,5518,57,13
 ,177,125,602,488,8094,8094,3960,566,51,10.6,5889,23,10
18114,15096,6180,26640,4120,4103,10658,3734,504,93,14,10520,71,23
2618,2288,1032,5524,414,3510,8127,3978,900,82,17,7473,65,42
1406,1169,522,2432,592,3312,6456,4186,500,47,19.9,4310,51,10
4519,3844,1432,6261,1634,2076,3880,3908,400,59,22,6886,51, 
3041,2581,1173,6441,3982,3123,9114,4030,400,88,19.7,6637,53,16
620,565,296,766,58,10500,10500,3500,550,53,16,6395,51, 
1549,1349,687,3598,2147,2674,5673,3650,550,77,18.2,5391,40, 
464,419,183,686,287,9240,9240,3880,475,29,7.2,9431,47,10
372,362,181,1501,353,8600,8600,3550,385,48,15.4,10938,49,15
927,731,415,2149,2217,11130,11130,3996,600,72,13.5,10891,51,24
1796,1303,882,3493,3116,3440,10116, ,466,80,18,6768,63,37
970,877,551,3105,2944,2916,9534, ,500,70,17.7,5955,64,23
4219,3098,1543,9778,10455,3271,7162,3271,468,85,10.9,10538,41, 
9167,7191,2738,15739,4278,2785,6940,4100,500,80,24.7,5983,55,24
1754,1754,1171,2805,1342,5760,5960, ,600,11,38.2,2589, , 
601,396,203,525,323,11230,11230,6643,2340,8,6.8,13025,47,1
1093,998,285,1650,5180,9450,9450,4385,600,33,91.8,5568,35,5
19152,12940,4893,22045,1339,5040,15732,4659,476,90,11.5,14847,87,66
662,513,257,2074,726,11902,11902,4372,540,65,12.8,7836,58,12
1208,877,546,3796,824,2133,4425,2700,660,57,19.6,3752,46,12
2694,1579,489,1870,12,19292,19292,3957,550,81,10.4,17960,91,75
938,864,511,1715,103,12247,12247,4221,500,70,13.1,8847,72,29
511,411,186,1692,562,12224,12224,4440,450,63,11.5,7315,77,23
672,596,278,1350,275,11844,11844,3696,450,54,11.6,8996,72,29
2057,1807,828,4106,982,11712,11712,4037,500,80,13.8,8546,89,26
2007,1808,829,2917,82,10110,10110,3165,450, ,13.4,8129,69,30
281,266,139,1049,181,10500,10500,3750,450,69,12.8,6955,45,13
1709,1385,634,2281,50,14125,14125,3600,400,79,12.5,9907,80,36
1006,825,328,1362,102,13252,13252,4194,450,89,13,10296,65,34
2939,1496,452,1723,113,15909,15909,4772,500,85,11.9,14213,77,56
3073,2672,1547,9649,1792,2600,4300,2643,450,57,19,5801,68,9
2442,2164,1189,5983,1075,2134,4426,2664,600,76,18.1,4795,60,12
699,601,352,1209,33,11328,11328,3003,400,45,14.5,9672, ,17
1047,938,511,2091,546,2285,4285,2750,600,58,16.5,6591,51,13
3971,3306,1921,11493,2206,2270,4259,2625,350,70,18.9,4629,58,10
933,800,444,1691,72,12247,12247,4081,500,76,12,9853,70,18
876,802,367,1263,118,10800,10800,3600,400,68,18.8,5081,78,14
2248,1673,745,2888,105,14350,14350,3750,550,82,10,12502,83,38
4192,3126,1656,5887,1254,2994,8828,3474,753,79,19,6393,53,15
1458,874,588,1846,154,3330,9843,3180,600,74,14.6,6716,51,56
3325,2047,1301,5800,872,2200,4200,2700,300,53,20.2,5318,58,20
11054,6397,3524,16502,21836,3171,8949,3744,714,88,12.2,16122,45,26
856,698,310,1617,102,11050,11050,4000, ,60,12.1,10324,68, 
373,298,86,651,490,8950,8950,3800,500,57,10.6,6639,54,14
633,504,210,920,148,7780,7780,3370,600,50,15.1,6850,49,11
4681,4101,1436,8094,1596,2310,4620,3288,300,69,19.7,5501,50,10
314,158,132,690,5346,8294,8294,3700,400,87,15.3,5015,37,10
1576,1110,274,992,112,8000,8000,3700,400,51,14.1,5807,51,24
700,650,314,1065,48,8730,8730,3523,500,82,13.2,9303,67,33
291,245,126,981,337,8390,8390,4100,350,45,21.5,4607,62,16
639,427,182,527,32,6572,6572, ,1510, ,9.4,10396,58, 
1400,1396,688,2019,1287,1800,3600,2728, ,36,14.4,5363, ,5
810,484,356,2155,191,9200,9200,4800,1000,65,24.1,3480,100,6
549,397,169,1343,1751,9250,9250,4550,425,52,13.1,5925,61,26
1576,1326,913,3689,2200,1920,3840,2852,200,52,20.3,4172,100,13
1310,983,316,1057,175,8550,8550,5050,400,35,17.4,4333,27,5
1887,1870,848,3615,1446,1998,3900,2611,500,54,19,4602,40,8
6040,4577,1620,5640,266,2704,4856,3416,400,69,15.7,6601,76,36
2729,2535,1257,4787,472,2130,3735,3136,250,62,21.7,5284,54,8
270,225,65,3440,4103,3750,3750,3900,700,39,18.4,3019,49,15
935,858,345,1127,754,9490,9490,4100,500,60,10.7,7519,79,22
3258,338,326,1277,195, , ,1900,600,53,14.3,9192,87,9
2281,1870,1408,6553,1246,2550,4680,3540,200,75,17.1,5916,45,18
1093,1093,642,1770,967,7070,7070,2500,400,52,15.9,4718,71,12
6118,5254,3204,13131,3374,2370,4740,2590,500,70,19.9,4632,56,15
3294,2855,956,4576,1140,11690,11690,4730,800,84,4.6,18367,67,44
450,405,194,614,388,13900,13900,5200,450,46,10.9,9995,59,17
6574,4637,2940,14782,1583,3030,9057,3485,600,87,12.7,10145,58,32
1877,1826,823,3926,561,3030,9057,3600,700,88,14.4,9699,49,49
1901,1340,655,3416,1984,3475,9501,3685, ,98,11.6,12453,44,33
1618,1141,479,4793,4552,2424,7246,3964,500,71,13.4,6433,48,18
7654,5259,1254,4879,1274,18350,18350,5775,768,91,3.9,45702,90,62
665,462,226,1739,1550,9160,9160,4340,500,68,20.6,6951,48,17
662,553,184,665,37,10720,10720,4050,600,66,12.5,7925,62,20
663,547,315,1279,75,10060,10060,2970,500,74,11.2,7885,59,32
469,435,227,851,120,10535,10535,4365,550,39,12.9,7438,52,17
308, ,110,606,1142,5780,5780,2650, ,52,17.9,3493,32,5
233,201,169,493,382,6050,6050,2510,500,38,11.9,5736, ,10
2928,1853,481,2326,235,4474,6616, ,600,45,14.1,3913,35, 
248,197,121,736,347,7600,7600,2805,600,60,15.8,5160, ,24
75,75,47,263,127,3660,3660,2090,500,33,11.3,5478,66, 
967,945,459,2806,538,1812,4528,1880,500,49,17.1,5113,58,15
4799,3278,1561,4786,669,2230,4190,2446,300,60,15.4,6358,41, 
905,834,319,1073,179,11320,11320,4402,550,82,12.7,11218,58,32
594,385,307,1695,721,5580,5580,2830,600,77,16.5,6170,61,36
480,405,380,1673,1014,2244,4386,2217,600,49,15.8,5704,63,19
4255,3277,1609,10094,1621,4946,9866,3084,480,77,15.9,6223,53,18
2800,1090,580,2124,199,2164,4306,2100,275,43,18.6,4955,56,10
1328,673,282,1006,174,4000,4000,2048,225,44,19.6,5103,49,25
3280,578,311,1120,33,5010,5010,2570,500,53,14.5,6481,53,18
3844,3383,1669,7524,804,1996,4916,3810,600,81,20.3,6971,53,26
2850,2044,1046,9260,1387,2392,4652,2470,500,78,18.7,5917,45,20
200,165,121,1538,419,5115,5115,2520,300,36,13.6,6986,19, 
529,492,261,1093,322,8650,8650,3815,390,49,14.1,5862,58,29
394,394,268,700,537,5100,5100,1880,400,50,11.8,4957, , 
931,912,596,2482,868,2142,5866,3300,600,70,18.5,5105,40,7
572,544,320,1470,416,2013,6073,3400,550,71,16.4,6112,74,45
3500,2836,1779,8730,993,1576,5552,3710,550,75,17.6,6324,37,15
840,840,611,1169,403,3542,5879,3570,550,20,10.6,6674, ,8
560,392,270,743,118,8734,8734,3362,600,56,11.3,6422,68,11
3314,2809,1563,7754,1388,2251,6311,3957,550,75,21.7,5862,30, 
376,256,256,816,1070,1935,5658,3000,475,50,16.4,4489,59, 
4809,3089,1429,6162,871,740,6806,1780,600,72,16.7,7090,44,12
7313,4664,1910,9940,1035,740,6806,2540,96,83,18.3,5854,70,20
1757,979,394,2033,1078,608,5972,3420,600,77,13,7011,37,32
771,643,229,1135,505,7420,7420,3440,500,55,13.7,5930,67,14
933,933,480,704, ,4045,4045,2795,736,50,13.5,4431,34,6
632,494,129,709,131,9000,9000,4850,300,78,13.2,7550,52,17
774,542,193,650,14,5600,5600,3095,750,63,12.1, ,44,17
2087,1339,657,3191,1204,7550,7550,2790,600,77,21.8,3739,63,20
1083,880,291,915,80,9270,9270,4100,600,75,13.5,8425,55,13
2373,956,452,1601,6,17295,17295,5070,600,95,12,17581,94,77
13789,3893,1583,6188,53,18590,18590,5950,625,95,5,27206,97,90
9274,6362,2435,13171,1687,764,7248,3240,500,74,13.2,9002,58,14
1531,827,405,1630,143,556,5030,2648,170,68,14.1,8994,51,12
3624,2786,858,2933,334,9100,9100,3883,490,70,18.9,6329,63,11
1455,1064,452,2632,617,740,6806,2550,350,75,15.1,6972,24,1
1110,930,332,1603,374,8180,8180,4270,500,65,15.2,5664,29,18
608,494,176,649,314,8330,8330,3770,550,64,13,7949,39,10
1202,1054,326,1410,299,13404,13404,5160,450,78,15.6,9114,65,18
1412,1149,347,2045,359,7550,7550,4050,600,55,17.8,4947,62,11
1349,932,407,1236,47,5453,5453,2191,500,61,14.2, ,37,6
545,529,216,620,37,3807, ,1560,200,50,13.2,6795, ,4
979,743,259,1188,166,10100,10100,4000,400,88,12,8539,66,25
900,473,217,621,11,4400,4400,3400,800,53,10.4,9268,92,22
1056,873,385,1111,244,6950,6950,3550,600,60,11.9,6786,69,15
857,772,376,1721,470,6720,6720,3250,450,77,13.9,6881,82,25
750,633,296,926,367,8850,8850,3550,500,73,11.4, ,56,27
263,223,103,316,20,8438,8438,3372,500,42,11.1,11989,15,10
1773,1320,559,3531,808,676,5730,3136, ,66,15.4,7302,40,8
812,689,195,646,84,8242,8242,4230,600,77,12.7,10090,52,7
944,774,440,2174,529,628,6360,2760,550,77,15,6443,48,14
838,651,159,654,162,8640,8640,3700,400,62,12.2,7634,48,11
516,392,154,630,549,11020,11020,4970,610,73,14,9315,58,32
335,284,132,534,216,10475,10475,6300,500,68,11.2,9599,60,28
2533,937,620,2360,144,9192,9192,1738,250,71,14.4,8078,69, 
624,599,170,612,150,10375,10375,4575,500,79,13.8,9332,56, 
3113,1786,457,1614,131,3850,3850,3200, ,43,14, ,56,24
10634,7064,3176,16505,5481,874,8400,6540,600,92,17.5,9670,62,39
14596,5985,3331,14609,1100,874,8400,4200,550,88,8.9,15893,83,75
5803,4441,1730,10099,3255,764,7248,3109,600,79,16.8,6227,62,19
5191,4134,1500,7532,1847,931,8677,3505,600,75,15.5,7392,53,15
5661,2392,903,3499,172,13850,13850,4360,500,95,4.3,41766,89,75
440,311,112,466,7,10000,10000,3052,400,65,11.4,9430,63,25
3224,2519,1057,5000,706,718,6390,2380,110,67,14.6,6554,55,11
6071,3856,1449,6635,1145,1492,7558,3680,500,82,19.1,6005,55,15
1239,1017,383,1207,157,7820,7820,3400,550,69,13.9,7264,91,10
1065,801,385,2069,748,1254,6272,2762,300,67,13.5,8064,46, 
434,412,319,1376,237,1681,4486,2146,600,50,16.5,4525,46,10
472,410,262,9950,71,7620,7620,3050,400,51,17,3186,54,14
659,601,342,1476,282,6490,6490,2660,500,26,18,4460,48,12
233,233,153,658,58,1680,4486,2516,600,68,15.7,6971,51,5
681,681,681,3299,602,1711,4260,1912,600,44,20.1,4076, , 
2777,2249,1652,8334,1435,2110,5634,2703,450,97,15.9,9424,49,20
368,344,212,863,189,1606,4286,2570,600,39,14.9,4958,40,5
2968,2297,1610,7368,1128,2310,5834,2744,600,79,17,6310,42,13
1024,1024,547,1830,490,1575,2670,2668,500,62,25,4895,80,5
305,230,107,503,801,9000,9000,3500,400,23,8.9,6696,47,16
440,434,252,764,38,7896,7896,3270,450,54,11.1,7589,80,22
2967,2836,876,3450,644,10628,10628,4372,650,85,6.5,22906,85,30
504,482,185,550,84,9130,9130,3322,450,46,12.6,8686,54,10
793,709,244,1022,411,9570,9570,3000,400,67,15.1,6852,60,20
817,708,262,935,37,9376,9376,3272,500,57,13,7335,52,22
2837,2697,1417,5764,1176,1665,2550,2630,450,59,19,4393,55, 
627,585,260,908,109,10300,10300,2970, ,42,14.5,6383,56,20
2704,2537,1766,6518,5560,1687,4560, ,600,77,19.7, ,19, 
969,762,382,1442,263,9540,9540,3320,500,82,13.5,7561, ,23
701,501,458,959,457,1432,2580,2624,500,48,20.1,4870,44,10
355,304,168,447,111,8760,8760,2690,550,48,8.5,9416,48, 
6277,6003,3526,16454,3171,2055,5595,3145,500,86,15.1,6813,53,33
1373,1373,724,2754,474,1500,2700,2660,540,60,20.3,4550,52,6
132,132,112,1032,943,3150,3150, ,500,66,17.6,6705, , 
910,776,208,618,40,14090,14090,5395,400, ,12.9,10802,72, 
8587,2273,1087,3918,32,19545,19545,6070,550,95,4.7,29619,98,87
5187,4471,446,1818,1197,13320,13320,4630,500,50,17.6,6418,51,3
951,879,199,744,196,13325,13325,5335, ,42,9.5,10164,59,5
1498,1275,292,1557,2973,10608,10608,4740,400,34,38.4,5523,76, 
379,324,107,500,311,9990,9990,4900,400,44,12.1,4948,33,15
484,386,141,590,1196,9870,9870,4860,600,59,12.2,6744,81,6
2095,1553,514,1873,94,12950,12950,5400,450,70,14.5,6719,97,15
9750,7640,2529,10358,1338,3550,11180,3862,650,89,17.5,7855,75,24
3121,2446,822,3480,776,2590,7870,4157,500,73,16.1,6195,61,5
3321,2375,748,3483,374,2590,7870,4024,550,82,18.8,5708, ,10
585,508,153,460,536,12292,12292,4934,500,61,22.2,8643,72,12
35,35,22,59, ,7200,7200,5200,600,80,11.8,8100,60, 
1694,1408,268,1312,685,8300,8300,4350,500,53,14.4,7003,38, 
1011,604,213,693,868,8900,8900,4600,425,87,13.9,7922,55,17
369,312,90,396,526,11400,11400,5400,500,41,9.5,9583,24,12
444,359,122,493,968,10900,10900,5250,380,68,11.4,9447,78,34
2153,1580,321,1192,87,18432,18432,5616,520,93,10.2,14907,83,56
348,281,127,1095,785,9150,9150,3950,500,56,12.2,7348,76,12
3820,1431,695,5303,3942,2342,4356,4830,800,76,22.1,7252,51,21
420,280,155,505,640,8100,8100, ,500,66,11.2,8008, ,6
2957,1423,691,3817,1394,2798,3946,4800,400,63,14.9,8367,26,10
2707,1881,478,1893,847,12480,12480,5290,530,70,14.2,9492,54,14
5220,2128,865,6411,3186,2400,3648,4834,700,82,21.5,6717,58,19
1879,1216,483,3311,1646,4188,8832,5376,700,92,13.5,12529,72,27
3344,2322,1105,6804,3933,1965,2875,3840,600,76,17.2,6001,40,6
5485,2662,1108,5938,2298,2385,3135,4170,300,77,23.5,6391,38,9
13218,2042,1153,4540,146,19900,19900,5910,675,91,8.4,28320,99,90
3586,2424,730,2748,1309,13250,13250,5420,700,84,12.3,11299,70,16
5785,2690,499,4005,1886,3640,7410,4748,690,90,17.4,11878,58,26
4576,3565,1000,4384,1530,12000,12000,6484,650,81,14.4,10080,64,16
1606,1413,530,1921,1154,9408,9408,5520,500,78,12.1,7669,53,23
1768,1249,380,1263,11,16900,16900,5680,450,89,19,12837,79,51
5042,2312,944,5167,902,3116,5391,5411,700,81,14.4,8504,81,55
1540,1363,446,950,214,12500,12500,5260,700,72,14, ,43, 
3366,1752,232,2585,1300,3641,7411,4748,690,90,18.6,10134,57,27
48094,26330,4520,21401,3712,3640,7410,4748,690,90,19.5,10474,77,36
3148,1616,504,3553,3152,11010,11010,5400,623,77,16.7,9637,60,9
2088,957,362,2745,1938,3227,4449,4860,600,74,17.8,7333,47,6
4019,1579,710,4365,765,2288,3040,4351,711,78,19.5,5599,64,23
285,246,126,411, ,17430,17430,5720,275,73,9.8,14342,61,20
546,447,189,873,683,11138,11138,4138,600,40,14,8820,80,16
77,61,27,352,147,3120,3120,3382,400,24,14.3,3190,20,7
1256,1220,590,2762,587,1518,5586,2600,500,73,19.6,5658,34, 
777,649,406,1630,384,1392,5148,2380,400,72,17.4,7664,28,5
787,601,233,1017,411,1302,5376,3214,600,99,13.7,9241,34,40
4119,3200,1663,9673,3481,1980,6432,3148,550,76,19.6,6106,40, 
1054,1054,470,1495,521,1394,4652,2260,500,55,15.5, ,47,5
3871,3349,1891,12257,5264,1884,7115,3516,584,91,14.3,8209,34,27
2868,2409,1524,5916,2939,1740,6490,4560,600,78,15.4,10407,54, 
 ,2786,1595,7969,8008,1740,6490,4952,700,76,14.8,8139,37,25
200,160,100,300,50,7500,7500,4500,500,45,7.5, ,29,5
2186,1924,512,2683,1227,12280,12280,6450,750,29,12.2,10527,56,16
1011,829,410,1059,2458,9000,9000,3100,450,77,12.4,11178,42,9
1732,1425,472,1830,110,16548,16548,5406,500,82,11.3,10932,73,37
1910,838,285,1004,15,19264,19264,6206,750,98,10.4,13894,79,50
2853,2193,753,2978,434,10750,10750,5340,400,90,14.6,7972,64,16
3847,3433,527,1010,12,9384,9384,4840,600,22,14.3,7697,118,9
3589,2992,1367,7767,3827,2450,5050, ,500,83,15.6,7581,43,15
3788,2747,1269,8071,3629,2450,5050, ,500,78,12.8,9002,34,20
6189,3212,1418,8140,5947,2450,5050, ,500,62,14.1,7216,39,14
4681,3627,1749,8837,5624,2650,5250, ,500,100,12.5,7488,46,12
2174,1953,557,2332,53,15960,15960,5580,700,95,15.8,11659,77,35
4856,2492,727,2649,25,19510,19510,5565,500,95,10.5,15494,93,46
946,648,177,707,432,11790,11790,5770,500,75,11.9,10015,83,23
551,437,143,2515,639,10200,10200,4628, ,87,37.5, , , 
983,664,249,1698,894,9990,9990,5666,800,66,14.3,6084,64,23
6756,1930,871,3376,55,18624,18624,6664,550,97,5.9,30639,99,78
2496,1402,531,2121,69,17926,17926,8124,600,83,10.3,12580,91,53
303,198,101,443,153,9370,9370,4330, ,50,9.5,10497,53,10
2339,307,197,959,26, , ,8700,860,67,8.1,18798,95, 
19227,7171,3286,13072, ,19000,19000,6238,510,91,6.9,22480,93,81
866,619,157,1074,336,8920,8920,4310,680,68,14.6,6898,46,18
360,329,108,756,863,8310,8310,5500,600,43,12.7,5480,54,4
1457,1045,345,1109,502,14990,14990,4980,450,77,21.5,7502,64,27
4200,2874,942,4740,1646,14235,14235,6965,600,86,14.4,10864,80,30
3140,1783,454,1646,24,19700,19700,5050,300,91,9.6,17761,91,40
2083,1725,430,1464,67,17480,17480,4780,500,75,12.3,11625,73,22
2688,2081,500,1792,5,19029,19029,5841,600,99,12.1,13040,79,25
7428,5860,1349,6534,1350,11600,11600,5920,1000,81,13.9,10093,60,25
949,786,302,1210,26,9990,9990,3550,500,85,15,8187,67,30
238,235,108,888,390,7500,7500, ,600,31,14.3,4981, ,2
4892,3530,913,3906,1446,10690,10690,6790,570,66,16,8107,66,13
7259,5526,1368,5612,166,14424,14424,6192,634,58,11.5,9812,75,23
461,381,174,738,55,9600,9600,4550,600,55,13.3,7863,51,10
356,233,53,246,18,8190,8190,3920,500,100,7,11082, ,16
1470,1199,425,1820,558,11040,11040,4840,400,89,13.3,8118,94,21
2432,1730,563,2578,254,12370,12370,6800,500,92,13.6,10062,79,20
962,750,212,830,150,14700,14700,6550,450,97,11.3,11291,70,21
4731,3171,830,3557,658,10700,10700,5925,550,74,17.6,8408,69,12
478,327,117,731,370,11510,11510,6450,575,71,10.3,10502,77,9
695,535,239,988,785,10200,10200,7000,350,63,11.7,10622,68,21
1518,1378,788,4266,1811,7200,7200, ,500,67,13.8,5585, ,6
481,401,185,1402,579,8800,8800, ,800,38,9.7,3822,80,16
384,223,143,1146,236,8920,8920,4400,800,65,16.2,7891, ,6
1170,695,238,1170,429,7470,7470,4600,250,74,15.3,6898,88,14
947,798,266,1274,471,10850,10850,5150,550,77,13.6,8797,61,36
13594,7244,2505,12408,2814,17748,17748,7262,450,87,7.8,21227,71,70
2220,1796,467,1919,334,10320,10320,4762,450,68,14.2,7788,65,65
460,283,160,508,34,7950,7950,3810,600,35,11.6,9685,55,15
8256,3750,1522,5809,4379,11100,11000,5160,660,90,13.8,10059,62,37
1132,847,302,1379,214,16200,16200,4200,436,90,10.4,14329,62,58
1181,903,292,1622,166,13975,13975,6740,1500, ,10.8,13737,58, 
4996,4165,936,4291,16,17475,17475,5976,1230,94,15.4,15605,70,53
459,422,212,932,107,10220,10220,3546,520,45,13.4,7592,46, 
4704,3798,1381,7176,2578,13968,13968,5670,500, ,10.8,13508,68,30
939,894,269,1378,522,7950,7950,4150,600, ,23.8, , , 
419,170,373,1022,169, , , , ,105,8.2,7194,64, 
1380,768,263,1000,105,19300,19300,6694,600,89,6.1,14779,83,57
4293,2728,591,2322,263,18710,18710,5970,500,87,12.7,14837,81,25
2961,1932,628,2669,616,10800,10800,5100,575,71,14.1,8189,100,24
1489,1313,375,1688,131,10456,10456,4927,500,91,17.7,9828,78,13
1013,916,401,1562,695,6550,6550, ,450,63,19.3,5194,45, 
1368,1064,354,1687,677,10570,10570,5600,400,86,14.5,7908,66,19
7775,2836,2412,11785,1752,9400,9400, ,500,72,29.3,7435,65, 
707,512,222,1671,1512,7350,7350, ,600,52,13.6,5961,74,17
2753,1820,505,1801,45,18720,18720,5730,650,90,11.5,14980,85,31
861,609,215,1117,815,8650,8650,5700,500,69,16.1,6534,67,10
13528,9198,1843,10168,1231,2650,6550,4355,700,93,17.4,9075,74,16
14463,6166,1757,8544,671,2650,6550,4598,700,83,18,8055,80,60
12512,6969,1724,9744,1351,2650,6550,4712,600,91,10.5,13705,57,27
7294,3564,904,5758,1363,2650,6550,4460,500,79,19,6632,49,7
5318,3515,1025,7626,2091,2650,6550,4040,550,71,18.7,7511,42,8
7888,3519,1036,5011,346,2650,6550,4680,630,82,17.8,5563,53,6
4877,2798,814,4123,298,2650,6550,4420,620,82,16.3,6442,66,13
8598,4562,1143,5060,146,2650,6550,4170,600,79,19.1,5716,76,56
8399,3609,656,4658,1478,2650,6550,4240,550,85,15.3,6608,53,19
7500,4350,872,4627,483,2650,6550,4952,500,70,17.1,6111,60, 
8000,4556,1464,6943,869,2650,6550,4810,500,69,22,5280,63,17
5549,3583,853,5004,475,2650,6550,4176,600,80,17.9,6174,65,9
3150,2289,650,3598,234,2650,6840,4660,500,71,15.1,6436,59,16
10477,7260,2442,10142,117,15150,15150,6870,635,73,11.3,14231,67,28
1278,978,256,1525,798,12680,12680,4924,525,64,12.3,8344,65, 
3495,1712,528,1915,123,18732,18732,6204,450,94,11.5,15411,88,49
942,356,283,987, , , , , ,68,12.8,22083,71,44
13703,1610,1212,4229, , , , ,1100,37,8.8,46477,95,59
8766,5498,1243,5071,438,17840,17840,6582,500,93,5.9,26037,80,56
3550,1877,653,2164,77,18920,18920,5950,600,90,9.7,17089,90,53
1416,1015,417,1324,117,13500,13500,5800,585,67,13.2,9006,75,10
318,240,130,416,19,14900,14900,5550,600,93,8.3,13935,69,40
1002,857,606,1948,42,12584,12584,4192,520,86,5.2,22724,63, 
1432,1432,706,3932,2937,2450,5050, ,600,75,18.9,5383,26,5
5377,2872,1300,8247,4328,2450,5050, ,500,83,18.2,5801,47,18
3292,1317,707,3520,673,10258,10258,5570,700,75,21.6, ,61, 
2531,1978,778,4730,2007,9190,9190,5500,500,74,18.6,7148,53, 
2119,1264,390,2478,1441,2650,6550,4760,1125,80,14.9,8170,46,5
1897,1384,768,4890,3777,2450,5050, ,500,80,15.3,7177,30,9
1358,1328,370,2992,1202,2150,5750,4420,660,67,25.3,6288,22, 
15039,9649,3087,13963,3124,2650,6550,4731,708,90,13.6,11177,56,36
1289,1289,644,2343,2640,2100,2600, ,500,64,16.5,6324,36,1
2036, ,1725,1596,4333,2650,6550, ,600,58,15.1,8301, , 
1914,1190,634,2609,1482,14710,14710,8020,1300,69,10.2,13578,59, 
2170,2170,1433,5949,4887,2450,5050, , ,71,17.6,6154,48,9
130,82,33,199,31,8450,8450, ,1200,11,7.5,9442, , 
1454,1267,424,1874,757,11431,11431,4684,600,43,17.4,9090,66,20
1690,1366,662,2718,1460,10995,10995,4410,1000,68,17.6,8086,85,30
692,514,209,760,81,9900,9900,3990,400,76,13.3,9073,58,20
9251,7333,3076,13699,1213,3070,7452,3352,600,81,21.1,6918,67,14
1747,1382,449,1662,960,13050,13050,4000,500,64,12.1,9557,83,34
3877,3156,713,3051,513,15700,15700,4730,525,95,2.9,19733,67,71
1307,1090,616,2196,82,7344,7344,4410,570,50,15.3,6897,64,25
2222,1767,729,2636,625,1513,4731,4293,604,49,21.1,7219, , 
2407,2296,1304,7749,3961,3231,6462, ,808,91,18.5,7649,35,5
798,620,238,1165,1232,9800,9800,4430,400,46,11.1,6889,100,14
553,452,228,1301,242,9650,9650,4400,600,57,14.9,6336,83,22
2100,1883,553,1704,1,16240,16240,4690,500,84,11.1,14140,69,29
571,461,174,645,283,10850,10850,3670,400,58,12.8,7505,56,10
2762,2279,533,1835,14,16900,16900,4720,500,88,11.6,12423,81,32
2165,1783,412,1854,475,11800,11800,5030,550,51,12.4,6631, ,20
1304,1300,871,1272,2733,3096,3096, , ,53,19.6,4723,33,4
738,687,241,964,242,13780,13780,4410,500,68,12.5,9268,65,20
922,729,244,1000,275,14067,14067,4560,400,75,10.6,12165,79,37
2421,2109,820,3168,392,11700,11700,5550,600,89,14.5,7738,89,27
9210,3040,7425,15615,3230,3927,7854,3666,500,81,20.8,6397,46,10
2212,1538,408,1445,1,19240,19240,3690,750,95,11.1,14067,88,44
57,55,32,435,1174,6992,6992, ,720,17,9.6,7256,46,17
874,758,428,1605,246,9858,9858,3700,450,42,17.6,4796,55,21
1611,960,342,1089,210,13850,13850,3920,470,80,13.2,10223,96,27
1310,1086,458,1365,144,12250,12250,3530,400,85,16.7,7215,81,26
1109,922,375,1115,70,13240,13240,3914,600,73,13.4,9333,73,24
136,107,42,377,373,8064,8064,3860,650,61,8.7,7712, ,12
4778,2767,678,2587,120,19670,19670,5820,575,77,10.1,16593,83,50
2936,2342,669,2502,66,15990,15990,4080,600,73,14.5,9979,83,35
11023,8298,3183,14861,1310,3552,7629,4095,550,79,20.4,8811,64,21
2190,1700,458,1780,48,16732,16732,5650,550,93,12.1,12011,75,36
1496,1205,428,1648,936,12888,12888,4440,420,62,13.9,8802,87,26
845,734,254,662,351,7600,7600,3800,600,59,19,5096,39,5
6305,5190,3211,12487,9295,2888,7650,3844,550,71,16.7,6025,43, 
6855,5553,2408,11036,2011,3234,8907,4697,556,89,10.8,13889,54,26
6361,5293,1507,5889,665,11380,11380,4220,500,81,14.8,8894,93,26
3055,2959,1527,15428,5370,2693,7441,3719,550,81,20.4,6124,48, 
318,265,132,745,203,8468,8468,4140,500,68,15,5052, ,12
325,260,86,699,717,9600,9600,4202,450,39,10.5,7164,68,21
1092,890,477,847,497,8670,8670,4180,500,42,11.3,5738,68,27
1259,691,227,775, ,6346,6346,3392,550,26,13.4, , ,24
709,602,225,1372,611,10230,10230,4110,500,59,13.3,6943,67,15
1979,1739,575,1980,144,15948,15948,4404,400,82,12.8,10414,78,42
1959,1805,695,2849,1107,11520,11520,4960,600,73,13.3,9189,83,24
3297,2903,1907,9633,3662,2196,4536,3675,570,71,18,5483,50,13
15076,12860,5330,31039,6005,3087,9315,4484,525, ,13.1,10900,56,24
510,485,334,1114,94,7400,7400,3346,600,57,19.8,6869,58,18
9239,7788,3290,13606,807,3740,8856,3960,500,81,17.6,7846,85,35
713,661,252,712,23,15476,15476,3336,400,69,11.3,42926,48,25
 , , ,9967,3732, , , , ,80,8.1,8133, ,11
1406,1406,952,2536,1100,2262,4128, , ,42,17.3,5160, , 
538,538,319,1317,201,6293,6293,3717,400,65,20.8,6388,44, 
1782,1695,1238,3302,2686,1640,4017,2400,650,55,19.9,3823,36,15
149,114,81,344,150,5950,5950,2900,500,38,8.4,6560, ,19
3398,3191,1326,7517,4525,1133,1928,2150,500,65,22.8,3709,31,9
600,550,520,3255,558,1695,3590,2388,400,64,18.5,3692, ,10
1171,710,400,3236,434,1604,2064,2580,500,69,41.7,3440, , 
1378,1182, ,4952,2123,1338,2280,2280,400,62,20.2,3964,25, 
620,410,346, , , , , , ,40,16.2,3997,29, 
758,681,484,1707,705,5390,5390,3140,515,63,15.1,5511,50,35
776,765,351,1419,228,6400,6400,3150,500,58,16.2,6578,45,22
940,653,275,1613,541, , , , ,59,14.6,7454,40,30
285,280,208,1140,473,1408,3687,1920,600,67,23.6,3864,43,21
4522,3913,2181,12830,1658,1889,5336,3344,800,84,15.3,6433,48,29
350,343,251,1117,117,1212,3274,1800,90,58,18.1,4572,29,8
692,576,174,597,83,10500,10500,3860,600,58,11.6,8990,39,19
818,700,447,2962,651,1500,3738,2619,450,55,19.6,4444,53,20
 , ,920,4057,659,1298,3225,2130, , , ,4225, , 
4743,3970,2233,13436,2582,1737,5173,3526,765,86,11.5,10244,44,32
1712,1557,696,2936,433,11750,11750,4160,1200,94,11.5,11743,47,41
1223,650,632,2645,167,7950,7950,3994,480,51,15.5,7885,45,13
259,219,118,513,23,9200,9200,4000,375,23,16.8,7269,51, 
299,206,81,811,206,9600,9600,3150,500,56,14.3,5976,41,26
949,800,356,1662,529,2600,2600,3636,450,60,11.9,6390, , 
809,726,294,1271,43,12500,12500,4130,400,53,13.5,7136,52,27
2774,2092,482,1763,59,15800,15800,4790,450,97,12.3,12999,69,35
1561,1188,458,1548,840,13380,13380,4210,500,89,17.8,8747,81,48
 , , ,226,74, , , , ,55,16.9, , , 
1438,1279,695,3655,156,2790,7770,3720,660,77,20,5777, , 
4675,3948,1637,10332,929,2841,7890,3444,543,88,13.9,9383,45, 
491,447,271,1774,809,2904,8676,3560,750,20,14.7,7556,41, 
943,849,288,1041,35,14210,14210,3994,450,76,10.9,11216,42,41
1623,1574,837,6194,4992, , ,4365,750,78,20,6618,24, 
1966,1436,327,1199,61,19960,19960,5490,500,90,11.8,15886,68,47
1237,1037,768,3215,947,2700,7000,3400,600,89,17.6,6337, , 
8631,6732,2546,11669,1605,3090,10602,3660,570,79,19.7,8020,54,25
1758,1485,419,2041,174,12040,12040,4100,600,92,13.2,9060,72,27
112,87,53,503,91,7940,7940,4032,450,39,12.9,7516,29, 
1658,1327,395,1595,159,14800,14800,4620,400,91,13.3,10779,68,49
1038,839,227,973,306,15595,15595,4400,300,79,11.3,11644,80,30
2652,1900,484,1707,44,17080,17080,4440,400,73,9.9,11711,76,44
707,614,168,801,464,8374,8374,4000, ,42,10.8,6100,72,10
1163,850,348,878,519,12850,12850,5400,400,78,12.2,8954,73,23
1465,810,313,1088,16,18165,18165,6750,500,100,12.3,17449,89,71
6548,3813,862,3316,31,18550,18550,4750,800,95,14.2,13675,93,49
599,494,224,1035,446,10518,10518,6250,300,59,16.5,7117,71,8
8728,5201,1191,4265,291,17900,17900,5690,450,86,9.2,24386,74,60
776,607,198,791,764,14340,14340,5285,500,58,11.7,10961,74,25
212,197,91,471,148,13500,13500,5230,400,95,9.3,16095,52,28
342,254,126,518,232,10335,10335,5015,700,71,8.3,7729,73,25
1432,888,317,1121,493,10860,10860,5760,550,56,12.9,8604,96,29
1383,1199,435,1380,846,11645,11645,4530,500, ,19.3,6970,65,15
3014,2539,487,1889,62,18700,18700,5000,595,87,11.2,13861,87,31
3451,2934,1118,5306,1963,12348,12348,6180,500, ,13.1,9583,61,23
2830,2374,1003,4253,942,10578,10578,5114,550,84,13.8,8456,75,34
458,369,165,1057,355,11190,11190,4800,450,60,13.6,8135,54,16
2417,1843,426,1476,299,14190,14190,4400,500,65,12.8,9815,81,36
3270,2120,508,1748,40,24940,24940, ,590,93,10.9,15797,86,46
2464,1908,678,2693,691,10970,10970,4280,500,47,13.3,7711,65,24
668,534,237,1306,258,9476,9476,4820,500,67,20.1,6786,74,19
3596,2466,575,1944,46,19964,19964,4328,500,94,12.1,14720,83,42
2491,1110,573,2213,35,5224,5224,3048,525,65,18.4,4957,100,57
380,237,104,716,1108,11000,11000,5550,500,36,7.8,7483,96,30
2128,927,292,1083, ,18833,18833,6235,685,94,10.6,17021,95,76
622,354,169,1145,1148,8800,8800, ,675,44,11.2,6901,74,14
268,253,103,494,1305,10000,10000,5364,500,56,11.2,7305,69,16
6373,3264,1625,11375,1132,2954,7352,2906,500,77,20.6,6760,63,19
1005,859,298,1075,43,14850,14850,4460,450,97,12.7,12067,80,36
1456,1053,381,500,541,10910,10910,5160,400,66,15.6,7649,87,20
4010,2402,572,2018,226,18730,18730,5740,600,93,10.5,15365,92,36
2929,1834,622,2738,1662,12600,12600,5610,450,90,15.1,9084,84,20
1386,1060,320,965,502,13850,13850,4755,400,84,12.3,8196,85,28
6397,4304,1092,4298,132,18700,18700,5580,750,96,12.5,14665,91,40
1660,1091,326,1196,33,3020,4818,3400,350,71,12.6,10912,45,15
1286,1005,363,1363,74,13900,13900,4300,500,75,14,8024,72,16
1107,859,323,1452,402,11040,11040,4500,600,65,11.8,9034,66,13
1557,1074,397,1805,433,9813,9813,4050,425,45,16.7,7307,78,15
1742,1382,607,2258,53,10300,10300,5080,475,68,14.1,7762,89,30
1232,955,303,1241,485,14990,14990,4730,550,86,15.2,9566,74,23
395,318,166,807,1011,9358,9358,4264,500,58,10.9,7679,68, 
2519,1836,462,1656,352,16975,16975,4565,600,76,12.8,10888,83,30
2139,1492,502,2186,2171,12350,12350,5370,500,88,12.6,9603,63,24
6773,3028,1025,5847,946,3086,7844,2948,500,66,18,7041,75,15
2746,1505,1028,4787,789,2278,6312,2940, ,53,16.3,6912,58,14
1104,767,287,1130,65,2728,6122,3340,500,52,13,10621, , 
3812,2227,818,3947,611, , ,3256,500,66,19.4,7839,54,4
4419,3074,1349,6318,817,3086,7844,3650,500,54,19,6292,54, 
5880,2840,1136,5866,918,3512,8285,2970,500,58,19.4,6552,57,12
3570,2215,651,3390,325,2954,7352,3620,225,47,16.1,6374,63,17
2694,1725,606,2891,332,3154,7452,3364,650,48,15.9,8116,55, 
6011,3075,960,5146,1532,3086,7844,3830,450,72,16.8,7832,71,22
5818,3281,1116,5268,300,3086,7844,3504,450,80,18.8,6719,72,14
4655,3113,1241,5965,954,2954,7352,3256,500,72,16.9,6733,56,26
6502,3539,1372,7484,1904,3086,7844,4108,400,76,15.3,6773,52,11
974,704,290,1145,39,12520,12520,3860,1300,16,7.5,11641,57,5
1538,1259,468,1664,1042,11690,11690,5062,600,48,12.9,8028,68,19
875,744,207,1173,1402,9700,9700,4830,400,45,14.5,7652,66,7
907,771,387,2621,1808,6540,6540,4326,500,58,18.5,5266,58, 
936,794,197,752,210,11240,11240,4180,350,71,11.2,10065,71,24
1046,824,284,1223,451,10880,10880,5050,400,64,19.3,7344,69,21
2519,2003,776,2473,1314,12750,12750,6350,350,84,17.4,8243,83,39
700,595,278,1035,182,10850,10850,3936,500,62,12.3,8534,88,19
2096,1512,465,1442,166,16130,16130,4710,400,83,13.9,10554,90,27
3203,1255,413,1387, ,19124,19124,6584,772,93,8.8,23975,95,81
7987,5145,2399,14726,4666,5314,10096,5282,600,87,11.2,12231,45,15
1154,951,253,791,140,11172,11172,4958,700,68,11.6,9186,60,15
12394,5232,2464,9205,531,17020,17020,7270,500,95,6.3,25765,93,85
8586,6383,2503,13138,4289,4962,10786,4560,400,93,7.8,13789,66,25
4471,2942,910,3674,493,11584,11584,5986,650,83,14.1,9131,92,29
1399,1026,308,1131,17,14900,14900,5160,500,82,11.6,12082,79,44
7759,5588,1477,6362,1292,15925,15925,6507,400,89,13.4,10458,96,30
1305,1100,334,1098,151,16260,16260,4005,300,91,12.1,10162,86,42
1190,978,324,1280,61,8840,8840,3620,500,57,16.2,6563,63,12
996,866,377,1411,72,12065,12065,3615,430,62,12.5,8596,80,29
1631,1431,434,1803,603,11150,11150,5130,550,78,13.3,8543,67,15
167,130,46,199,676,11428,11428,5084,450,67,8.3,10291,67,16
2989,1855,691,2988,1726,4990,4990,3560,500,75,18.1,4509,99,28
1179,780,290,1130,638,9690,9690,4785,600,60,13.3,7940,74,38
361,321,185,650,819,8842,8842,4782,600,57,14.2,7022,52,10
245,180,69,485,752,9950,9950, ,500,42,11,8846, ,17
19315,10344,3450,28938,2025,4966,10645,4060,512,77,18.1,8992,63,48
2740,2497,1188,4828,605,3086,7844,2924,550,61,19.2,5556,63, 
12586,3239,1462,5643,349,19528,19528,5926,720,99,7.6,20440,97,87
2198,1786,632,2556,1004,12600,12600,6410,500,84,19,8353,82,15
5139,3346,973,3717,1358,14400,14400,6200,450,66,18.4,8135,96,20
2310,1767,1030,4882,2706,2370,6694,5137,500,74,15.7,6827,47,15
1831,842,379,1846, ,16684,16684,6672,1500,27,10,11622,96,17
1475,1257,362,1393,278,14200,14200,6500,500,64,9.6,9232,71,7
9643,7751,1968,8894,2456,3004,10330,5558,500,84,16.6,9158,63,12
3304,2804,679,2111,1489,12520,12520,6050,500,44,16.4,7957,61,10
1199,904,397,1533,734,7730,7730,3170,750,60,19.2,5825,39, 
1622,1472,341,1203,63,5210,5210,2992,120,44,14.6,5360,48, 
174,146,88,1047,33,8300,8300,3080,600,62,15.2,3365,58,8
1500,1242,611,2024,292,3076,7070,2439,400,95,17.1,7744,84,12
1196,697,499,959,13,4412,4412,2460,500,69,16.9,7083,21,21
8065,5257,2301,11755,770,3036,8116,3610,800,82,18,7597,73,37
604,452,295,690,222,9888,9888,4502,400,64,12.1,8741,75,15
4772,3140,1265,6851,1200,3060,6120,3460,666,73,17.2,4776,51,22
737,614,242,968,237,10425,10425,3975,500,61,14.7,8693,76,21
440,407,149,643,80,12050,12050,3700,500,63,10.2,10965,75,35
659,557,167,532,35,10485,10485,3840,475,76,13.5,7527,67,47
2161,1951,685,2371,175,13440,13440,4048,600,92,13.5,12940,82,56
1166,1009,510,2074,341,3340,4938,2987,528,67,17,6119,51,9
725,554,369,786,682,7100,7100,3500,300,39,11.2,6321, ,5
882,730,330,926,12,4515,4515,2550,850,53,18.6,6990,60,2
872,722,154,601,36,10194,10194,2600,500,57,11.4,5788,83,14
1082,832,302,1133,30,11859,11859,3635,554,80,13.4,8354,85,34
2556,1752,946,4396,515,2200,4380,2736,600,60,18.3,5542, ,7
7693,5815,2328,12594,3661,3196,8074,3522,495,84,16.9,8246,63,30
848,560,377,1855,1412,2320,5800,3066,500,62,14.8,5035,48,14
1854,1391,732,3020,1174,2710,7000,4090,600,74,17,5201,51,9
1465,1006,188,703,20,4450,4450,2522,500,43,22.9,5861,58,10
2320,1805,769,3395,670,3620,6400,3392,580,71,12.8,6729,59,24
1501,935,273,1059,34,12680,12680,4150,605,91,15.3,7875,75,51
885,553,381,2207,1058,2295,5739, ,312,70,15.9,5307,38,13
1801,1655,819,3224,436,2920,5840,3138,400,76,19.1,5039,43,13
761,725,306,1337,300,10990,10990,3244,600,66,10.4,6871,69,21
938,938,588,2629,1283,1323,3222,2714,500,63,29.2,3544,51,7
342,182,135,538,228,7540,7540,2710,600,38,11.4,7334,75,12
385,358,229,988,597,1323,3222,2604,600,47,19.4,5291,35,5
600,197,124,392,69,7260,7260,3090,600,31,12.9,9249,21,3
279,276,126,600,435,6844,6844,2980,500,45,11.7,5073,44,17
2056,2054,2054,2239,686,1411,3437,2202,550,68,20.2,5252,54,10
437,400,211,614,271,8990,8990,3064,500,73,14.8,7881,48,13
1034,932,866,1691,557,1364,3573,2900,500,80,15.5,6411, ,27
2807,2589,1701,7000,1103,1454,3811,2190,500,62,15,5084,67,13
2160,2031,1268,5368,1066,1454,3811,2620,675,71,14.6,6456, ,15
2863,2154,1179,4772,2763,1616,5550,2930,700,66,18.2,5087,36, 
1220,974,481,1964,623,7800,7800,3664,650,61,11.1,7614,49,28
502,384,104,347,74,6200,6200,2900,600,63,11.7,7623,35,11
1096,951,464,1776,239,8150,8150,3150,400,61,13.6,6716,67,27
880,520,224,1068,364,9300,9300,3260,600,81,11.1,8129,63,16
308,281,199,491,251,5500,5500,2950,250,55,11.3,6020,37,12
1239,1134,611,1957,343,5775,5775,3340,500,97,16.2,8048,73, 
3330,2730,1303,6706,2640,1800,5800,3000,600,73,14,9825,42,15
1078,720,226,850, ,6240,6240,3690,600,74,12.5,6911,43,24
895,548,314,1174,50,5500,5500,3340,600,68,16.1,6078,62,20
355,300,142,509,44,8664,8664,3350,600,65,10.7,8954,65,34
503,408,293,776,68,5400,5400,3150,600,30,11.1,4666, ,13
831,538,224,840,325,5170,5170,3430,600,61,16.1,5531,60,15
651,498,453,1831,180,4788,4788,3320,500,42,18.5,4914,52, 
409,261,177,983,149,4200,4200,1700,500,59,16.2,6489, ,15
787,562,363,925,605,5950,5950,2890,600,67,14.6,5177,53,21
1464,888,176,624,128,11200,11200,4208,500,80,11.1,8317,51,26
3921,2557,1691,10621,4864,1974,5908,2500,500,77,16.9,6578,33, 
4587,3423,2132,12541,2885,1616,5550,2352,500,69,19.2,4902,39, 
610,461,189,685,49,8200,8200,3300,550,63,12,8128,64,26
699,660,349,1198,296,8414,8414,3496,504,49,14.1,7665,59, 
2302,1831,391,1345,59,15200,15200,4768,550,90,10.8,13388,77,58
6626,4122,721,4566,1913,1470,4836,2290, ,72,18.6,7527,41,24
2594,2542,1580,6461,910,1740,4025,3625,700,76,16.9,5799,54,11
232,182,99,402,237,7070,7070,3640,400,59,8.9,6286,36,7
272,272,145,770,213,4750,4750,3270,500,57,14,5881,49,13
626,372,145,983,40,7700,7700,3400,450,70,21.9,4933,52,12
846,752,406,1688,502,5780,5780,2530,550,44,13.5,3861, ,35
2091,1338,991,5359,1758,1824,5800,3304,600,76,16.8,6339,39, 
7473,5372,3013,15749,3237,1830,5764,3262,750,86,16.5,8612,53,27
1934,1500,1123,4669,675,1900,5832,2890,500,68,19.6,5396,48, 
1445,966,326,1129,24,15350,15350,4080,450,89,10.3,18784,82,46
7791,4690,1499,5500,90,17865,17865,6525,630,93,5.8,23850,83,71
315,242,108,410,15,7300,7300,3950,450,70,12.6,6966,62, 
1660,1232,721,2885,537,7440,7440,3300,450,70,18.1,7041,60,23
3540,2001,1016,4190,1512,840,5130,3592,500,60,23.1,4010,34,24
948,798,295,1120,15,11280,11280,4342,400,81,13,11361,71,42
232,216,106,534,172,6900,6900,3800,450,67,12.1,6875,42,16
360,314,155,848,1542,5400,5400,3270,500,48,14.4,7081,87,37
379,341,265,1050,151,4950,4950,2780,530,62,15.7,5619,38,10
2219,1441,719,4129,1343,1580,5390,3380,810,87,21.8,5073,35, 
467,424,350,1365,334,6300,6300,2980,700,75,13.7,7054,38,16
516,454,322,1201,214,5190,5190,2992,400,59,12.7,5684,37,13
413,330,215,1247,430,5400,5400,2340,600,65,14,5438,56, 
261,159,114,455,84,5180,5180,3624,500,55,11,9203, ,7
1163,927,386,1685,556,8840,8840,4689,750,67,11.4,6095,95,16
2336,1725,1043,5438,4058,864,4752,3040,508,48,18.4,5879,26,10
477,417,204,1532,77,8840,8840,4240,600,58,20.8,6863,56,29
550,500,275,863,218,6612,6612,2954,300,39,11.9,5367,39,9
478,416,259,1351,555,4950,4950,3136,600,46,16.4,5081, ,15
578,411,187,880,477,6930,6930,3452,400,57,11,6383,32,25
1597,1125,751,3404,1734,840,5130,3436,630,95,21.6,4001,36, 
4418,2737,2049,14047,5134,672,4104,3579,450,86,22.6,5657,35,23
2308,1336,295,1202,942,8530,8530,3644,616,56,14.9,7114,37,22
4040,4040,1800,7410,3055,991,3486,2536, ,92,22.9, ,16, 
7935,1514,633,2674, ,9950,9950,5725,525,91,8.6,22836,91,87
4839,3549,1577,8901,2245,840,5130,2970,900,76,27.2,4029,43,41
584,413,131,521,99,8955,8955,5900,500,51,11.8,8545,52,19
4301,3455,1166,4892,387,12772,12772,5078,576,74,13.5,12726,72,41
8532,5316,2421,13806,4277,840,4860,3676,500,70,21.2,4056,39,14
321,318,172,620,280,7536,7536,3736,430,44,13,5309,36,11
1244,912,352,1177,43,11850,11850,4675,600,83,11.3,12995,67,44
1272,1012,375,1732,936,9428,9428,4070,600,76,15.7,7037,46,20
1243,1020,414,2149,418,8678,8678,3858,700,82,16.2,7651,72,33
5870,4461,2272,9851,1289,780,4860,3610,200,85,21.4,3997,50,12
 , ,305,1535,412,672,3888,2980,450,68,18.8,5478,28,7
2405,2234,1061,4564,448,840,4290,3500,598,55,19.4,5967,35,10
1195,1095,923,4856,724,840,4860,2784,1000,60,21.9,4242,41, 
4095,3079,1195,5064,660,8490,8490,3320,650,81,14.8,9158,64,33
575,482,206,542,9,3750,3750,3060,350,48,12.1, ,25,9
254,189,189,503,40,3605,3605,2430,300,37,18.4,4800,26,15
1822,1481,1055,4455,941, , , , ,89,19.7,5049,42,10
497,423,215,895,429,7850,7850,3410,490,54,13.8,7002,50,27
4345,3245,2604,5584,3101,780,7860,3360,600,65,18.2,3605,10,15
6334,5051,2957,16785,2780,780,4860,3688,530,82,24.7,5449,41,25
592,501,279,1204,392,6400,6400,3484,600,80,14.5,7936,43,19
989,777,474,3791,1961,647,2279,2942,700,67,14.3,6637,35, 
2425,1818,601,2110,95,12240,12240,5150,500,94,9.6,14703,93,62
681,588,246,1058,73,10760,10760,6230,500,85,13.4,8731,63,44
6233,3990,2150,15340,9355,672,4104,3980,600, ,14.6,6895,32,32
374,280,185,995,408,8550,8550,4050,500,75,12.6,7237,62,45
3281,2559,1448,10975,8431,1206,4422,2780,500,73,21,4696,29,19
14752,9572,5329,30017,5189,840,5130,3309,650,91,19.7,7837,65,48
3528,2941,2252,9551,4817,672,4104, , ,88,23.1, , , 
253,216,196,829,1817,5100,5100,2791,600,50,13.6,6271,91, 
1950,1506,1023,4111,1301,672,4104,2706,500,70,21.9,4717,34,7
6075,5349,2367,9919,484,6450,6450,3920,600,71,18.5,7503,72,34
1089,780,410,2106,2919,784,4536,4953,645,91,20.8,9094, ,46
116,90,59,841,704,840,5130, ,600,84,15.5,5482, ,14
4217,3100,1686,9375,5457,672,4104,5376,452,94,25.3,4329,50,17
529,481,243,1206,134,780,4860,3122,600,103,17.4,6415,43,22
14474,10519,6392,31643,2798,840,5130,3412,600,89,23.1,8471,69,49
1541,1541,1108,3357,4701,672,4104, ,500,75,20.6,4079,8, 
397,244,223,1083,58,2700,2700,2900,500,34,17.2,9434, ,32
7365,5402,4615,27378,1253,2340,2340,3580,860,76,20.5,7916,33,48
5095,4491,2400,13894,8374,1954,6857,3975,858,89,12.8,9275,37,27
4281,3825,2426,10657,4257,1650,5775,3315,700,83,18.7,7462, ,26
1685,1640,856,3684,678,1221,4362,2634,756,62,20.5,4703,59, 
2632,2509,1750,8609,5680,1377,5148,2595,537,66,23.9,5334,38, 
917,720,213,979,743,8820,8820,4050,600,68,10.5,7170,50,21
627,556,172,777,538,9925,9925,4135,750,59,22.4,6523,48,16
377,358,181,653,129,7150,7150,4350,450,61,17.8,6259,53,15
838,673,292,881,55,10265,10265,4725,560,68,13.2,8655,82,22
7117,3106,1217,5186,134,2808,11720,4298,600,89,12.1,9534,93,68
883,766,428,2910,1749,2332,7860,4750,525,80,21.2,4639,48,3
486,440,227,903,59,9650,9650,3800,600,46,11.4,10188,82,19
765,646,226,809,32,8578,8578,4408,700,79,13.9,8061,82,30
1339,1107,336,1051,82,9400,9400,4200,500,53,12.5,7967,22,12
817,644,307,945,1,13218,13218,4773,660,95,13.3,12263,69,20
7178,3755,1433,4623,740,7161,7161,3518,600,60,14,6791,70,25
602,498,215,795,74,13470,13470,5515,500,78,11.1,13957,72,26
2747,1870,724,2874,118,2606,7920,3962,550,74,18.4,5553,62,12
1756,1500,366,1524,280,12450,12450,5400,450,62,12.4,8832,70,3
11223,5285,2082,9652,742,3900,7994,4544,500,77,17.9,5212,98,32
499,441,199,846,377,11200,11200,7400,600,66,6.8,10819,90,26
941,772,214,1247,776,11390,11390,5280,500,77,10.6,8575,55,10
4569,3110,1251,8346,2501,3854,9464,4540,600,79,15.1,6727,45,18
5702,4894,1742,8077,472,2924,6684,4110,500,73,19.6,4519,62,15
1771,1325,306,1071,27,13840,13840,3735,400,77,10.7,11080,74,21
696,616,169,653,56,13970,13970,6110,370,88,9.2,16358,68,35
4963,3497,1567,10262,5065,3034,10217,4182,500,81,8.7,11183,45,18
2227,1790,437,1460,239,13425,13425,4425,450,85,13,9405,72,27
818,620,218,868,247,10700,10700,4500,450,60,9.2,9471,59, 
651,581,243,617,34,5000,5000,3650,600,45,14,8426,45,8
462,402,146,527,41,14500,14500,6000,500,91,6.5,18953,61,36
5892,2718,756,2854,594,14500,14500,3285,700,75,11.7,11984,100,46
4350,2178,756,2997,736,2026,6490,4942,650,75,17.6,5358,84,39
689,561,250,1125,422,3093,7168,3689,600,67,18.1,4417,46,15
5653,4326,1727,9528,3822,4044,10800,4840,580,93,19.3,6751,46,17
411,354,138,495,61,8170,8170,3980,600,32,12.3, ,48,14
904,683,349,1191, ,2980,9020,3800,600,84,11.1,10709,68,16
15712,11719,4277,18511,604,3926,10260,3176,740,85,13.8,8944,73,29
2996,2440,704,3006,338,1894,5587,4845,500,61,16,5733,31,2
4066,3891,1358,6640,972,2782,6276,3600,350,57,15.8,5000, , 
1847,1610,453,1298,67,7384,7384,3494,500,51,13.7,6757,30,19
1470,900,287,1130,417,10900,10900,5100,500,70,15.7,7804,68,20
3315,1096,425,1584,3,13750,13750,4619,680,81,9.6,15736,90,68
15849,5384,2678,11278,114,3724,12212,3792,500,90,9.5,13597,95,74
2814,2810,769,3350,253,5700,5700,4380,550,55,17.9, , , 
81,72,51,139,3,8730,8730,3600,400,92,9.3,10922,58,33
519,327,114,457,2,21700,21700,4100,600,35,10.1,16364,55,25
1257,940,363,1547,294,3660,7656,4690,400,89,14.7,6318,79,9
141,118,55,201,173,8300,8300,4850,450,53,9.5,6936,76,12
96,87,49,257, ,13936,13936,5104,525,56,14.5,4557,100, 
780,628,198,545,42,11750,11750,2700,400,77,14,6475,76,7
833,669,279,1224,345,3312,7656,4690,500,80,14.4,6564,36,3
535,502,223,959,150,3168,7320,4640,500,48,12.6,7114,51,6
268,187,63,260,11,18375,18375,6075,300,56,7.5,11767,61, 
3456,1171,451,2016,39,25750,25750, ,540,87,10.5,21426,97,64
1743,1625,626,1862,382,14134,14134,5270,500,71,13.1,9209,63,8
520,204,108,418,279,8940,8940,4514,500,28,13.4,6479,57,11
1910,1380,463,1715,106,13030,13030,5860,500,79,14.5,10190,84,16
222,185,91,484,541,11010,11010,5208,550,58,10.4,9586,78,16
7663,6008,1735,7353,1674,6210,15516,4928,500,87,9.9,12646,79,18
2785,2011,1007,6507,898,2053,7242,3603,654,67,18.1,6413,51,8
2231,1908,767,6561,559,2256,7974,3914,687,69,17,7451,47, 
97,62,21,286,227,5820,5820, ,672,48,9.5,5188,100, 
1886,1524,526,2523,296,13000,13000,4450,600,78,14.7,9553,69,31
1603,1392,504,2580,302,13312,13312,4488,600,78,11,9431,83,31
1183,1016,411,1922,704,12669,12669,4875,600,83,16.8,10368,66,42
2115,1540,494,2993,347,12825,12825,4375,500,85,12.2,10175,89,28
191,165,63,494,574,11550,11550,4270,300,43,14.5,9209,40,5
4044,2826,688,2738,138,16230,16230,4500,630,79,15,11217,63,51
12749,7025,3343,20356,4582,2907,8199,4218,708,96,9,16527,65,40
559,402,308,1522,151,10671,10671,3417,705,48,11.5,7115, , 
6540,5839,2440,14445,1344,2907,8200,4210,800,84,16.9,10912,56,31
5548,3563,1549,8909,506,2406,8124,4144,639,83,22.7,7203,61,30
1861,998,359,1220,46,16670,16670,4900,750,80,10.5,13198,72,45
1121,926,372,1270,160,12660,12660,4500,678,80,16.9,8328,80,43
1801,1101,438,3065,363,1785,6297,4600,600,75,18.1,8355,68,14
494,313,157,1317,1235,8352,8352,3640,650,36,11.1,8127,55,23
1320,923,284,1085,81,16304,16304,3616,355,87,11.1,12957,69,26
1160,991,352,1357,737,12200,12200,3880,480,74,17.8,7666,79,19
1616,1427,434,1405,580,13125,13125,3775,500,74,15.9,7364,62,20
845,690,323,1870,1720,9300,9300,3400,600,49,20.5,4677,57, 
497,452,231,887,1957,9400,9400,4005,500,49,17.2,4054,57,24
1243,947,324,1129,74,17163,17163,3891,525,76,10.1,13965,77,50
824,670,337,1160,653,9400,9400,3400,500,37,8.4,5352,59,15
5152,4600,1685,7016,804,11610,11610,4760,600,86,13.5,9982,77,36
1217,1088,496,1773,884,11505,11505,3255,1000,35,16.7,7140,67,36
235,217,121,931,487,8950,8950,3119,550,51,10.7,7016,78,12
907,802,200,726,61,9570,9570,3750,350,58,15.9,7774,52,15
587,501,211,735,28,15200,15200,4100,350,87,9.4,12472,64,28
1334,1243,568,1946,95,12140,12140,4450,425,74,15.1,8595,88,30
14901,10932,4631,23945,2200,2737,9096,4290,535,93,11.5,11006,72,36
5244,3782,1930,11561,7443,2771,8786,2964,570,79,15.9,8094,38,12
2409,1939,759,3819,1347,2284,6900,2800,475,81,22.2,5968,46,17
647,518,271,1014,387,9140,9140,3365,500,51,10.7,8050,73,17
2593,1966,1030,6038,579,1916,6704,2592,376,78,21,6254,65,9
5729,4520,1957,8516,1264,2208,6996,2705,279,80,19.3,6139,61,20
4918,3965,1704,7306,707,2369,7157,2270, , ,21.3,5946,54,18
2733,2000,917,4381,437,1920,6400,2515,300,66,20.6,7100,59, 
 , , ,4342,478,2304,7092,2500,191,69,18.1,6460,46,16
4191,3090,1375,7198,998,2355,7142,2958,300, ,19.2, ,67,17
910,910,342,1434,417,2050,7032,2780,550,75,15.2,6490,36,14
4400,3719,1472,7804,1552,2300,6950,2500,300,90,23.1,5559,67,12
1705,1339,772,2999,1825, , , , ,87,18.4,6855,28,9
4800,2900,1515,7764,1472,2158,6874,2394,518,73,19.2,5901,56,14
152,128,75,282,22,9100,9100,3700,500,48,8.5,8960,50,17
582,498,172,799,78,10468,10468,3380,660,40,11.5,8991,52,21
664,515,210,712,10,15700,15700,5750,400,80,13,10941,59,12
1046,832,518,1463,1150,1856,4498, ,600,24,16.3,2520,42,15
1497,1469,383,2028,773,2052,4426,3236,400,55,19.2,4311,49, 
629,501,183,754,187,9400,9400,4450,400,64,12.8,8813,94,10
2485,1800,1800,4540,2073,1800,4238,3040,600,37,19.6,3191,50,10
1246,1246,553,1595,669,1782,4080,3264,600,25,17.3,3689,65,8
4226,3666,2007,7703,2339,1660,5094,4010,700,77,16.6,6203,50,14
682,535,204,771,611,9500,9500,3540,400,26,2.5,7683,57,22
489,384,120,700,45,10575,10575,3952,400,46,13,8946,98,23
1405,1167,557,2452,1113,2064,4694,3890,700,57,16.5,3485,46,20
1164,1062,478,2138,227,1900,4470,2890,600,33,16.3,4249,60,12
1594,1572,675,2432,616,3954, ,3752,500, ,15.3,4325,56, 
1869, ,957,2817,1939,1988,4616,3200,750,38,19.2,3839, , 
9630,7801,2881,14524,1053,2128,6370,4310, ,83,13.4,8318,57,23
1566,1400,483,1509,170,14200,14200,3775,450,58,16.4,8080,67,28
903,755,213,971,305,10500,10500,4545,600,66,14.1,7494,72,15
2029,1516,1073,7535,1488,1908,5988,3422,600,91,15.1,8745,45,23
