app,acc,enrol,ftime,ptime,instate,outstate,rbcost,bkcost,phd,sfratio,expend,grad,top10
0,193.0,146.0,55.0,249.0,869.0,7560.0,7560.0,4120.0,800.0,76.0,11.9,10922.0,15.0,16.0
2,146.0,117.0,89.0,492.0,1849.0,1742.0,5226.0,4764.0,500.0,39.0,9.5,9584.0,39.0,4.0
6,1351.0,892.0,570.0,2385.0,331.0,2220.0,4440.0,3030.0,300.0,72.0,18.9,5883.0,51.0,18.0
8,7548.0,6791.0,3070.0,16262.0,1716.0,2100.0,6300.0,3933.0,600.0,85.0,16.7,6642.0,69.0,25.0
9,805.0,588.0,287.0,1376.0,207.0,11660.0,11660.0,4325.0,400.0,74.0,14.0,8649.0,72.0,67.0
11,608.0,520.0,127.0,538.0,126.0,8080.0,8080.0,3920.0,500.0,63.0,11.4,7703.0,44.0,26.0
16,452.0,331.0,269.0,1417.0,301.0,6150.0,6150.0,3680.0,550.0,59.0,16.6,5412.0,52.0,17.0
18,1680.0,1395.0,691.0,2959.0,402.0,8236.0,8236.0,3700.0,569.0,74.0,14.7,9533.0,61.0,34.0
21,4414.0,1500.0,335.0,908.0,119.0,5666.0,5666.0,2964.0,1000.0,56.0,15.5,5970.0,46.0,30.0
22,1471.0,1281.0,824.0,4343.0,990.0,1697.0,2883.0,2570.0,300.0,50.0,23.0,4295.0,48.0,18.0
23,2267.0,1827.0,611.0,2825.0,144.0,6735.0,6735.0,3395.0,600.0,70.0,12.2,10872.0,65.0,20.0
25,1797.0,1260.0,938.0,6960.0,4698.0,2220.0,4440.0,5175.0,750.0,96.0,6.7,16352.0,33.0,24.0
31,708.0,334.0,166.0,530.0,182.0,8644.0,8644.0,3922.0,500.0,79.0,12.6,14579.0,54.0,46.0
32,1734.0,1729.0,951.0,3602.0,939.0,1730.0,3460.0,2650.0,450.0,57.0,19.6,4739.0,48.0,12.0
36,1490.0,1490.0,771.0,2942.0,997.0,1440.0,2880.0,2400.0,500.0,58.0,19.0,4540.0,68.0,21.0
37,823.0,721.0,274.0,954.0,6.0,8800.0,8800.0,3195.0,500.0,82.0,13.1,8588.0,63.0,52.0
38,605.0,405.0,284.0,961.0,99.0,6398.0,6398.0,3672.0,400.0,68.0,13.3,8118.0,75.0,24.0
40,910.0,773.0,450.0,1310.0,61.0,6530.0,6530.0,2800.0,500.0,63.0,13.3,6413.0,65.0,31.0
43,792.0,792.0,499.0,2229.0,270.0,1500.0,2340.0,2240.0,400.0,40.0,17.0,4653.0,33.0,26.0
44,3235.0,3108.0,2133.0,9978.0,1530.0,1932.0,5028.0,3300.0,500.0,73.0,14.8,6820.0,39.0,25.0
45,1721.0,1068.0,806.0,3128.0,213.0,5504.0,5504.0,3528.0,700.0,71.0,17.7,6466.0,73.0,35.0
48,5891.0,4931.0,1973.0,11249.0,2682.0,1828.0,6746.0,3728.0,620.0,78.0,21.7,6157.0,41.0,23.0
55,563.0,247.0,247.0,1427.0,432.0,12950.0,12950.0,5300.0,612.0,72.0,12.4,8985.0,60.0,23.0
62,7811.0,3817.0,1650.0,12911.0,1404.0,2033.0,7380.0,4877.0,612.0,72.0,19.8,8453.0,59.0,47.0
65,4540.0,3294.0,1483.0,13494.0,1254.0,1802.0,7706.0,4368.0,600.0,90.0,21.2,7268.0,61.0,5.0
75,959.0,771.0,351.0,1662.0,209.0,16624.0,16624.0,5895.0,600.0,72.0,12.8,12692.0,47.0,23.0
76,1860.0,767.0,227.0,887.0,1.0,17000.0,17000.0,6010.0,500.0,99.0,9.6,18443.0,87.0,71.0
78,1133.0,630.0,220.0,750.0,30.0,17688.0,17688.0,5900.0,650.0,100.0,10.4,14820.0,73.0,37.0
80,855.0,632.0,139.0,569.0,7.0,17238.0,17238.0,7350.0,600.0,95.0,8.2,18372.0,73.0,60.0
81,344.0,264.0,97.0,500.0,331.0,12600.0,12600.0,5520.0,630.0,77.0,10.4,9773.0,43.0,11.0
85,1597.0,969.0,226.0,1431.0,1522.0,13540.0,13540.0,5050.0,630.0,66.0,14.1,10139.0,47.0,16.0
88,657.0,537.0,113.0,1039.0,466.0,12474.0,12474.0,5678.0,630.0,53.0,11.9,10613.0,72.0,37.0
89,2324.0,1319.0,370.0,1686.0,35.0,16560.0,16560.0,5140.0,558.0,91.0,10.5,16196.0,79.0,52.0
90,167.0,142.0,89.0,414.0,165.0,6500.0,6500.0,3000.0,500.0,38.0,10.7,5612.0,67.0,9.0
91,346.0,274.0,146.0,704.0,63.0,9900.0,9900.0,3670.0,630.0,59.0,10.5,8095.0,54.0,51.0
92,940.0,668.0,385.0,1316.0,139.0,11925.0,11925.0,3825.0,630.0,48.0,12.3,9157.0,69.0,20.0
93,809.0,687.0,428.0,1889.0,217.0,10176.0,10178.0,4190.0,800.0,71.0,16.1,7895.0,54.0,20.0
95,385.0,340.0,193.0,784.0,127.0,9520.0,9520.0,4124.0,630.0,63.0,18.6,8219.0,43.0,18.0
96,2643.0,1611.0,465.0,2615.0,248.0,13332.0,13332.0,6354.0,630.0,88.0,16.1,9619.0,78.0,36.0
106,1498.0,1219.0,306.0,1369.0,1587.0,16530.0,16530.0,6205.0,600.0,81.0,8.9,10685.0,73.0,26.0
107,2306.0,1721.0,538.0,4309.0,549.0,13226.0,13226.0,6452.0,750.0,86.0,13.6,10074.0,62.0,23.0
108,4019.0,2779.0,888.0,3891.0,128.0,13584.0,13584.0,5928.0,630.0,88.0,13.9,10872.0,100.0,40.0
109,12229.0,8498.0,2477.0,13259.0,1429.0,17230.0,17230.0,6482.0,600.0,90.0,11.4,17007.0,68.0,45.0
110,2459.0,1997.0,582.0,2664.0,299.0,16320.0,16320.0,5326.0,646.0,87.0,11.2,13706.0,65.0,36.0
111,950.0,713.0,351.0,1276.0,9.0,14320.0,14320.0,5304.0,490.0,77.0,14.9,8837.0,87.0,42.0
112,1681.0,1069.0,344.0,1235.0,30.0,16249.0,16249.0,5699.0,500.0,84.0,13.6,11778.0,52.0,35.0
117,3934.0,2735.0,886.0,3698.0,217.0,13600.0,13600.0,5940.0,630.0,93.0,15.6,10813.0,66.0,40.0
119,3768.0,2662.0,753.0,3558.0,436.0,13592.0,13592.0,5916.0,545.0,84.0,14.2,11677.0,84.0,42.0
120,688.0,497.0,144.0,641.0,101.0,10800.0,10800.0,4440.0,570.0,55.0,13.1,8415.0,55.0,30.0
121,1508.0,1259.0,569.0,1922.0,232.0,1386.0,1672.0,3730.0,520.0,63.0,27.9,3897.0,60.0,16.0
122,3207.0,1577.0,490.0,1892.0,7.0,17142.0,17142.0,4190.0,450.0,85.0,11.3,14664.0,84.0,56.0
123,5530.0,4007.0,1697.0,8463.0,1498.0,1829.0,7731.0,4128.0,540.0,75.0,21.5,6309.0,40.0,12.0
124,9478.0,6312.0,2194.0,15646.0,1829.0,2124.0,8412.0,4180.0,470.0,87.0,19.2,7850.0,59.0,29.0
125,3440.0,2823.0,1123.0,3793.0,486.0,1450.0,6198.0,3320.0,500.0,89.0,19.1,4362.0,46.0,16.0
126,1584.0,1456.0,891.0,3471.0,911.0,1434.0,5016.0,3798.0,540.0,48.0,28.8,3871.0,59.0,6.0
129,1401.0,1239.0,605.0,3716.0,675.0,1644.0,7100.0,4380.0,540.0,63.0,19.4,5389.0,36.0,10.0
132,2974.0,2001.0,580.0,2666.0,554.0,15192.0,15192.0,4695.0,400.0,84.0,15.9,11762.0,67.0,29.0
133,2702.0,1623.0,604.0,2315.0,146.0,1819.0,5918.0,3755.0,500.0,76.0,19.4,4599.0,52.0,7.0
137,353.0,340.0,103.0,416.0,230.0,13290.0,13290.0,5720.0,500.0,90.0,11.5,8861.0,63.0,17.0
138,4158.0,2532.0,902.0,6394.0,3881.0,1842.0,5962.0,4444.0,500.0,69.0,16.7,4900.0,49.0,6.0
139,3035.0,1546.0,438.0,1630.0,232.0,18740.0,18740.0,6300.0,600.0,86.0,10.7,14773.0,91.0,42.0
141,4784.0,3346.0,781.0,2984.0,1037.0,15000.0,15000.0,6200.0,700.0,86.0,15.1,11220.0,94.0,30.0
144,3712.0,2153.0,806.0,2677.0,714.0,12030.0,12030.0,6140.0,1000.0,63.0,12.0,8847.0,86.0,17.0
145,2307.0,1896.0,509.0,1707.0,1889.0,11070.0,11070.0,5780.0,400.0,71.0,14.8,7120.0,82.0,19.0
146,3852.0,2652.0,1044.0,5892.0,2478.0,1842.0,5962.0,4796.0,700.0,62.0,15.8,5245.0,45.0,4.0
147,292.0,241.0,96.0,543.0,712.0,12200.0,12200.0,4600.0,650.0,87.0,11.2,8680.0,76.0,20.0
148,3058.0,1798.0,478.0,1737.0,244.0,18810.0,18810.0,5690.0,500.0,91.0,10.4,18034.0,91.0,46.0
151,5081.0,4040.0,1194.0,3768.0,1415.0,14220.0,14220.0,6000.0,500.0,61.0,10.7,10625.0,66.0,11.0
153,2172.0,1493.0,564.0,2766.0,1531.0,1842.0,5962.0,4316.0,650.0,71.0,16.9,5719.0,50.0,14.0
155,9735.0,7187.0,2064.0,12478.0,1660.0,3824.0,11656.0,5072.0,700.0,89.0,16.0,10178.0,71.0,23.0
157,1754.0,1465.0,505.0,2159.0,211.0,13712.0,13712.0,6408.0,526.0,90.0,9.3,12751.0,75.0,24.0
159,7875.0,5062.0,1492.0,5471.0,1470.0,17450.0,17450.0,6328.0,700.0,92.0,7.6,14745.0,72.0,38.0
160,11115.0,2881.0,1390.0,5881.0,406.0,18300.0,18300.0,7131.0,670.0,91.0,7.2,19635.0,95.0,71.0
163,247.0,189.0,100.0,309.0,639.0,11412.0,11412.0,6430.0,500.0,89.0,8.3,11806.0,96.0,19.0
166,633.0,468.0,284.0,823.0,963.0,6120.0,6120.0,2985.0,531.0,25.0,27.6,6081.0,36.0,10.0
168,980.0,807.0,350.0,872.0,448.0,9890.0,9890.0,4674.0,500.0,52.0,14.4,6243.0,84.0,10.0
170,990.0,784.0,279.0,1811.0,3144.0,11290.0,11290.0,5360.0,600.0,76.0,12.6,9084.0,72.0,18.0
171,1646.0,1150.0,542.0,2128.0,82.0,5188.0,5188.0,3396.0,650.0,48.0,13.8,6817.0,58.0,12.0
173,1947.0,1580.0,523.0,1863.0,233.0,13900.0,13900.0,4140.0,750.0,90.0,10.6,8923.0,57.0,39.0
175,3151.0,2584.0,958.0,4772.0,856.0,7800.0,7800.0,3750.0,570.0,37.0,16.5,12878.0,44.0,14.0
179,1422.0,1109.0,366.0,1363.0,23.0,15360.0,15360.0,4080.0,600.0,82.0,12.8,15003.0,59.0,33.0
180,1381.0,1040.0,374.0,1506.0,970.0,8025.0,8025.0,4865.0,400.0,65.0,17.4,6339.0,68.0,20.0
185,1777.0,1151.0,382.0,1668.0,1052.0,16425.0,16425.0,5220.0,955.0,81.0,13.3,11561.0,90.0,31.0
187,1557.0,1227.0,489.0,1964.0,81.0,12315.0,12315.0,4565.0,600.0,85.0,12.5,10307.0,73.0,37.0
189,7122.0,5386.0,1643.0,7760.0,876.0,16500.0,16500.0,6526.0,630.0,82.0,5.9,17500.0,59.0,42.0
192,280.0,143.0,79.0,327.0,110.0,5590.0,5590.0,2900.0,650.0,53.0,15.1,4839.0,90.0,5.0
194,1558.0,1254.0,472.0,3754.0,2477.0,1597.0,6172.0,3994.0,541.0,83.0,23.4,8488.0,53.0,20.0
195,1415.0,714.0,338.0,1345.0,44.0,5120.0,5120.0,3200.0,500.0,52.0,18.1,3930.0,69.0,18.0
199,1800.0,1253.0,560.0,3876.0,3588.0,1732.0,6634.0,4360.0,600.0,82.0,17.8,6104.0,47.0,44.0
200,417.0,349.0,137.0,510.0,63.0,12960.0,12960.0,5450.0,450.0,92.0,7.7,19016.0,59.0,60.0
201,1461.0,1097.0,580.0,2035.0,321.0,1772.0,4535.0,2754.0,675.0,65.0,17.0,6238.0,62.0,10.0
205,1858.0,1221.0,480.0,1620.0,49.0,8050.0,8050.0,3940.0,350.0,80.0,16.3,10511.0,63.0,37.0
206,367.0,274.0,158.0,917.0,479.0,9592.0,9592.0,5879.0,500.0,71.0,13.7,5935.0,49.0,12.0
207,1436.0,1228.0,1202.0,1320.0,822.0,4371.0,4371.0,2370.0,500.0,62.0,12.6,4900.0,18.0,10.0
217,544.0,399.0,177.0,600.0,363.0,6987.0,6987.0,3585.0,750.0,77.0,12.5,9067.0,75.0,15.0
218,2286.0,1668.0,564.0,2943.0,1260.0,11985.0,11985.0,4081.0,400.0,93.0,9.2,8995.0,91.0,37.0
219,3708.0,1678.0,722.0,2852.0,153.0,7050.0,7050.0,5490.0,250.0,71.0,17.8,8122.0,83.0,41.0
222,792.0,649.0,186.0,769.0,377.0,12900.0,12900.0,4340.0,600.0,91.0,13.1,8568.0,67.0,56.0
224,663.0,562.0,127.0,641.0,63.0,5640.0,5640.0,3620.0,600.0,89.0,13.2,7309.0,31.0,20.0
226,540.0,445.0,165.0,1115.0,111.0,7210.0,7210.0,3600.0,500.0,62.0,13.2,7356.0,58.0,23.0
227,3713.0,1237.0,443.0,1971.0,107.0,7000.0,7000.0,5565.0,660.0,73.0,12.5,9988.0,65.0,47.0
231,305.0,287.0,109.0,382.0,46.0,11500.0,11500.0,4500.0,515.0,68.0,7.6,11605.0,52.0,38.0
234,407.0,317.0,181.0,468.0,31.0,9700.0,9700.0,3744.0,470.0,73.0,19.0,8614.0,56.0,21.0
238,3580.0,2603.0,1627.0,11028.0,2411.0,1460.0,4460.0,3038.0,687.0,85.0,11.8,12833.0,54.0,36.0
240,1499.0,779.0,500.0,2082.0,871.0,480.0,2920.0,4270.0,714.0,72.0,15.8,11460.0,31.0,20.0
241,392.0,351.0,155.0,738.0,430.0,10260.0,10260.0,3597.0,600.0,39.0,13.1,8355.0,58.0,16.0
242,860.0,688.0,285.0,1928.0,442.0,13306.0,13306.0,3797.0,450.0,62.0,8.8,6333.0,78.0,32.0
243,1283.0,1113.0,401.0,1355.0,40.0,10938.0,10938.0,3660.0,650.0,76.0,13.5,8444.0,67.0,31.0
244,460.0,340.0,167.0,604.0,350.0,10740.0,10740.0,3676.0,350.0,67.0,11.0,7963.0,74.0,14.0
245,1006.0,742.0,275.0,1127.0,205.0,13925.0,13925.0,4390.0,500.0,73.0,12.7,10141.0,67.0,29.0
246,1538.0,1329.0,383.0,1140.0,10.0,15248.0,15248.0,4323.0,550.0,71.0,12.2,10340.0,64.0,33.0
247,604.0,562.0,328.0,1048.0,56.0,9800.0,9800.0,2650.0,450.0,61.0,12.5,7325.0,87.0,25.0
248,2799.0,2573.0,839.0,3322.0,726.0,13420.0,13420.0,4770.0,560.0,88.0,15.0,9473.0,77.0,34.0
249,555.0,414.0,242.0,996.0,2281.0,9100.0,9100.0,3100.0,550.0,51.0,23.6,5609.0,47.0,14.0
250,535.0,511.0,233.0,1098.0,380.0,9820.0,9820.0,3360.0,570.0,32.0,12.6,6687.0,32.0,11.0
251,2039.0,1389.0,432.0,1333.0,30.0,15688.0,15688.0,4618.0,400.0,88.0,9.5,18979.0,83.0,56.0
254,1641.0,1283.0,527.0,1663.0,170.0,11200.0,11200.0,4000.0,500.0,61.0,14.2,7578.0,70.0,20.0
255,1549.0,1392.0,587.0,2269.0,85.0,13240.0,13240.0,3560.0,600.0,73.0,13.8,8949.0,77.0,38.0
257,586.0,533.0,239.0,950.0,228.0,10520.0,10520.0,3678.0,500.0,48.0,13.0,8111.0,56.0,16.0
258,368.0,317.0,159.0,806.0,542.0,10500.0,10500.0,3555.0,500.0,44.0,11.3,6695.0,64.0,20.0
259,325.0,284.0,95.0,364.0,88.0,9900.0,9900.0,3650.0,500.0,32.0,13.6,6525.0,21.0,16.0
260,860.0,811.0,366.0,1040.0,52.0,9900.0,9900.0,3075.0,300.0,68.0,14.9,6357.0,68.0,22.0
261,1016.0,872.0,300.0,1116.0,602.0,11250.0,11250.0,4980.0,550.0,66.0,15.8,7411.0,70.0,27.0
262,897.0,718.0,276.0,1345.0,390.0,10450.0,10450.0,4020.0,500.0,56.0,14.1,7444.0,70.0,12.0
263,4144.0,3379.0,1853.0,10135.0,1448.0,2291.0,6197.0,2930.0,595.0,78.0,16.3,6333.0,77.0,18.0
264,576.0,558.0,137.0,662.0,131.0,10430.0,10430.0,3620.0,400.0,85.0,16.5,8767.0,45.0,11.0
266,663.0,452.0,192.0,1481.0,1160.0,8840.0,8840.0,3060.0,500.0,69.0,17.4,3733.0,78.0,10.0
267,1231.0,1074.0,345.0,1295.0,105.0,11600.0,11600.0,3610.0,400.0,66.0,12.4,7735.0,67.0,34.0
269,326.0,294.0,140.0,630.0,107.0,10000.0,10000.0,3110.0,495.0,35.0,13.3,7057.0,40.0,10.0
271,587.0,479.0,158.0,678.0,41.0,13500.0,13500.0,3335.0,500.0,67.0,9.4,9727.0,55.0,38.0
274,616.0,514.0,385.0,1115.0,60.0,9840.0,9840.0,2820.0,450.0,59.0,14.8,6261.0,58.0,29.0
275,3133.0,2799.0,1337.0,7242.0,1431.0,1548.0,5962.0,3540.0,832.0,82.0,13.5,8805.0,45.0,24.0
276,1879.0,1658.0,497.0,1950.0,38.0,13353.0,13353.0,4173.0,540.0,78.0,12.7,9220.0,71.0,36.0
278,261.0,192.0,111.0,453.0,266.0,9690.0,9690.0,4300.0,500.0,57.0,9.7,9337.0,71.0,15.0
279,500.0,336.0,156.0,421.0,27.0,6500.0,6500.0,2700.0,500.0,76.0,14.3,8377.0,51.0,25.0
281,422.0,305.0,160.0,781.0,240.0,9810.0,9810.0,4160.0,400.0,52.0,17.5,9729.0,80.0,30.0
283,528.0,403.0,186.0,1168.0,145.0,9216.0,9216.0,4191.0,400.0,56.0,12.1,7309.0,75.0,22.0
284,4815.0,3551.0,1227.0,6069.0,3719.0,11214.0,11214.0,4932.0,600.0,69.0,16.1,8322.0,63.0,30.0
285,5597.0,4253.0,1565.0,9161.0,845.0,1902.0,5710.0,3066.0,120.0,62.0,16.2,5682.0,76.0,12.0
286,560.0,454.0,113.0,484.0,16.0,10955.0,10955.0,3450.0,330.0,62.0,10.6,9552.0,53.0,36.0
287,510.0,387.0,194.0,771.0,53.0,10310.0,10310.0,4530.0,400.0,57.0,14.3,8222.0,60.0,20.0
288,894.0,787.0,262.0,909.0,28.0,8050.0,8050.0,3850.0,600.0,75.0,15.6,7348.0,52.0,28.0
289,1756.0,1360.0,478.0,1911.0,626.0,14550.0,14550.0,4620.0,500.0,80.0,12.3,12851.0,56.0,42.0
290,8681.0,6695.0,2408.0,15701.0,1823.0,2600.0,7799.0,3403.0,537.0,77.0,21.0,5569.0,54.0,10.0
293,3050.0,1342.0,471.0,1818.0,23.0,14360.0,14360.0,4090.0,400.0,77.0,12.9,9605.0,83.0,55.0
294,313.0,228.0,137.0,552.0,67.0,9414.0,9414.0,4554.0,500.0,34.0,10.6,7840.0,56.0,10.0
295,150.0,150.0,121.0,338.0,33.0,6900.0,6900.0,4851.0,800.0,24.0,15.9,8812.0,80.0,15.0
296,1040.0,845.0,286.0,967.0,24.0,15747.0,15747.0,4062.0,400.0,88.0,12.7,13224.0,79.0,48.0
297,979.0,638.0,271.0,968.0,20.0,16880.0,16880.0,3970.0,920.0,91.0,10.7,15687.0,77.0,31.0
298,1154.0,1050.0,395.0,2192.0,1423.0,10560.0,10560.0,4520.0,500.0,36.0,14.3,7701.0,61.0,12.0
299,3579.0,2959.0,868.0,5244.0,3417.0,11500.0,11500.0,5330.0,700.0,94.0,6.2,13009.0,65.0,25.0
300,740.0,558.0,177.0,628.0,63.0,9620.0,9620.0,3750.0,550.0,49.0,10.8,10642.0,59.0,12.0
301,1002.0,555.0,119.0,836.0,684.0,7680.0,7680.0,3740.0,500.0,70.0,17.7,6652.0,52.0,16.0
302,1444.0,1261.0,456.0,1788.0,95.0,11910.0,11910.0,4378.0,450.0,60.0,11.4,8149.0,75.0,29.0
303,601.0,503.0,204.0,671.0,11.0,13000.0,13000.0,4100.0,400.0,91.0,11.6,11087.0,56.0,28.0
304,513.0,347.0,279.0,2508.0,505.0,9090.0,9090.0,4500.0,650.0,62.0,18.3,7905.0,71.0,23.0
305,1127.0,884.0,308.0,1310.0,766.0,11718.0,11718.0,7398.0,450.0,73.0,16.4,8871.0,76.0,30.0
306,465.0,361.0,176.0,879.0,156.0,12580.0,12580.0,4345.0,400.0,76.0,13.1,10889.0,74.0,19.0
307,10706.0,7219.0,2397.0,14826.0,1979.0,2600.0,7799.0,3296.0,470.0,73.0,17.3,6086.0,56.0,12.0
311,1025.0,707.0,297.0,1070.0,72.0,10100.0,10100.0,4140.0,450.0,69.0,16.3,6880.0,80.0,22.0
313,422.0,367.0,218.0,1700.0,2902.0,8580.0,8580.0,5100.0,600.0,75.0,12.2,8995.0,77.0,13.0
314,434.0,321.0,141.0,624.0,269.0,10950.0,10950.0,4600.0,550.0,79.0,12.9,9264.0,81.0,28.0
316,2540.0,2195.0,994.0,6063.0,2550.0,1824.0,5472.0,3598.0,221.0,76.0,16.5,7498.0,43.0,13.0
317,607.0,558.0,269.0,1222.0,519.0,10500.0,10500.0,4348.0,650.0,81.0,11.6,8324.0,75.0,22.0
318,785.0,647.0,295.0,1670.0,726.0,10860.0,10860.0,4624.0,600.0,87.0,13.7,8953.0,55.0,15.0
319,746.0,473.0,317.0,834.0,50.0,9600.0,9600.0,4110.0,600.0,54.0,21.9,5252.0,28.0,39.0
322,8384.0,5727.0,2710.0,13518.0,2916.0,2520.0,7230.0,5088.0,630.0,82.0,10.0,13883.0,34.0,22.0
323,6491.0,5027.0,1563.0,9015.0,1449.0,1902.0,5706.0,3193.0,600.0,77.0,17.2,6566.0,55.0,6.0
324,1432.0,920.0,548.0,2200.0,56.0,11480.0,11480.0,4200.0,530.0,81.0,12.7,11916.0,85.0,56.0
325,1216.0,908.0,423.0,1819.0,281.0,10100.0,10100.0,3520.0,550.0,48.0,12.1,7994.0,59.0,19.0
328,2362.0,2037.0,700.0,2607.0,148.0,13130.0,13130.0,4650.0,500.0,77.0,10.9,9511.0,83.0,40.0
329,1994.0,1656.0,495.0,1983.0,36.0,14300.0,14300.0,5020.0,550.0,78.0,11.1,11525.0,82.0,50.0
330,1358.0,1006.0,274.0,1028.0,13.0,15036.0,15036.0,4056.0,600.0,90.0,10.6,14634.0,78.0,35.0
331,2096.0,1626.0,694.0,2551.0,407.0,11800.0,11800.0,4340.0,700.0,60.0,15.8,7780.0,77.0,35.0
332,804.0,632.0,281.0,840.0,68.0,10390.0,10390.0,4040.0,525.0,54.0,12.5,11751.0,60.0,29.0
333,440.0,396.0,221.0,910.0,166.0,9420.0,9420.0,3730.0,600.0,51.0,9.9,10270.0,72.0,26.0
334,548.0,428.0,167.0,618.0,113.0,8958.0,8958.0,3670.0,300.0,53.0,15.3,9798.0,64.0,18.0
335,1006.0,837.0,317.0,1024.0,15.0,8200.0,8200.0,3485.0,500.0,84.0,10.6,9248.0,64.0,33.0
336,450.0,430.0,125.0,488.0,43.0,9950.0,9950.0,3920.0,300.0,76.0,11.8,9466.0,47.0,20.0
337,1487.0,1276.0,388.0,1417.0,1646.0,11120.0,11120.0,4080.0,525.0,55.0,11.1,6735.0,69.0,26.0
339,2379.0,2133.0,1292.0,4283.0,2973.0,2040.0,4973.0,3192.0,500.0,56.0,22.0,4078.0,38.0,8.0
348,1004.0,802.0,239.0,909.0,51.0,10440.0,10440.0,3850.0,525.0,63.0,11.8,7940.0,64.0,23.0
349,770.0,542.0,238.0,923.0,427.0,9990.0,9990.0,3822.0,450.0,38.0,10.4,7799.0,61.0,15.0
351,495.0,465.0,275.0,695.0,193.0,7620.0,7260.0,2984.0,740.0,41.0,11.5,5514.0,62.0,18.0
355,213.0,166.0,85.0,513.0,247.0,8670.0,8670.0,3820.0,450.0,43.0,12.5,7440.0,48.0,13.0
356,920.0,684.0,225.0,815.0,222.0,11200.0,11200.0,4250.0,600.0,55.0,14.8,7360.0,67.0,24.0
358,150.0,130.0,88.0,341.0,768.0,10300.0,10300.0,4130.0,500.0,44.0,10.2,9678.0,75.0,23.0
359,888.0,734.0,393.0,1433.0,27.0,12730.0,12730.0,4514.0,500.0,74.0,9.9,11165.0,98.0,26.0
361,1769.0,1092.0,437.0,1757.0,81.0,10965.0,10965.0,4000.0,450.0,60.0,14.2,8294.0,98.0,41.0
362,1262.0,1102.0,276.0,978.0,98.0,9456.0,9456.0,4350.0,468.0,53.0,12.8,7603.0,65.0,14.0
364,2075.0,1727.0,520.0,2501.0,198.0,11800.0,11800.0,3260.0,500.0,87.0,14.2,9681.0,95.0,49.0
365,800.0,623.0,256.0,801.0,5.0,12925.0,12925.0,4195.0,500.0,78.0,9.9,14904.0,72.0,41.0
366,5659.0,4761.0,3147.0,8596.0,1949.0,2802.0,6892.0,3706.0,600.0,72.0,16.6,6996.0,40.0,10.0
367,602.0,483.0,206.0,958.0,466.0,8620.0,8620.0,4100.0,400.0,58.0,11.0,6136.0,65.0,21.0
368,878.0,816.0,200.0,706.0,62.0,8740.0,8740.0,3363.0,550.0,62.0,11.6,7718.0,48.0,16.0
369,202.0,184.0,122.0,537.0,101.0,8540.0,8540.0,3580.0,500.0,61.0,8.8,8324.0,56.0,19.0
371,358.0,276.0,172.0,838.0,122.0,8516.0,8516.0,3130.0,650.0,55.0,25.0,4962.0,49.0,5.0
372,1419.0,1313.0,813.0,4469.0,499.0,1778.0,5424.0,3000.0,300.0,52.0,23.2,1834.0,58.0,11.0
373,1256.0,1256.0,853.0,3957.0,588.0,1729.0,5401.0,3144.0,450.0,72.0,19.3,5527.0,50.0,43.0
374,5880.0,4075.0,2833.0,14914.0,2246.0,1713.0,6995.0,3120.0,600.0,76.0,18.5,6122.0,54.0,25.0
375,589.0,575.0,148.0,474.0,258.0,8400.0,8400.0,3250.0,500.0,63.0,12.4,6535.0,68.0,16.0
376,420.0,293.0,93.0,336.0,80.0,7950.0,7950.0,3750.0,600.0,54.0,9.8,9754.0,48.0,11.0
378,213.0,155.0,75.0,504.0,147.0,7200.0,7200.0,3532.0,550.0,56.0,11.8,7818.0,52.0,28.0
379,273.0,229.0,66.0,439.0,415.0,7800.0,7800.0,3880.0,800.0,50.0,8.2,7364.0,53.0,25.0
380,479.0,373.0,127.0,631.0,133.0,8280.0,8280.0,3260.0,500.0,50.0,16.1,10049.0,36.0,20.0
381,257.0,183.0,109.0,396.0,38.0,7850.0,7850.0,3410.0,400.0,55.0,10.0,7233.0,53.0,19.0
386,632.0,620.0,222.0,702.0,501.0,9550.0,9550.0,3850.0,350.0,64.0,14.1,5922.0,58.0,14.0
389,807.0,707.0,308.0,1198.0,605.0,8840.0,8840.0,2950.0,750.0,74.0,13.1,6668.0,84.0,39.0
391,307.0,260.0,99.0,452.0,249.0,7500.0,7500.0,3200.0,650.0,49.0,10.1,6554.0,56.0,17.0
392,848.0,587.0,298.0,935.0,184.0,6060.0,6060.0,3070.0,600.0,62.0,17.7,5391.0,49.0,25.0
393,283.0,201.0,97.0,589.0,263.0,8400.0,8400.0,2800.0,600.0,50.0,10.6,6860.0,89.0,10.0
394,1013.0,888.0,288.0,943.0,7.0,11850.0,11850.0,4270.0,600.0,95.0,11.4,13118.0,74.0,55.0
395,995.0,789.0,398.0,1306.0,122.0,6230.0,6230.0,3526.0,400.0,42.0,13.0,8189.0,63.0,26.0
397,727.0,693.0,286.0,1063.0,48.0,8000.0,8100.0,3950.0,550.0,73.0,13.3,7508.0,55.0,30.0
398,1636.0,952.0,424.0,1544.0,896.0,1340.0,4120.0,2682.0,510.0,60.0,15.0,8372.0,19.0,6.0
399,584.0,497.0,175.0,662.0,121.0,8000.0,8000.0,4150.0,500.0,57.0,11.3,7058.0,62.0,20.0
402,2225.0,1910.0,1190.0,5968.0,955.0,1580.0,4738.0,3110.0,700.0,72.0,20.2,5972.0,52.0,29.0
403,404.0,400.0,169.0,797.0,100.0,6000.0,6000.0,3000.0,500.0,48.0,13.4,5557.0,61.0,28.0
404,759.0,729.0,244.0,867.0,51.0,10900.0,10900.0,4450.0,500.0,81.0,12.1,10219.0,70.0,57.0
405,484.0,384.0,177.0,634.0,78.0,7800.0,7800.0,2950.0,500.0,60.0,14.1,6864.0,64.0,9.0
411,495.0,434.0,210.0,775.0,44.0,8950.0,8950.0,3490.0,600.0,86.0,11.3,9685.0,66.0,35.0
412,1998.0,1376.0,651.0,1539.0,45.0,6700.0,6700.0,3650.0,500.0,52.0,14.1,7566.0,61.0,41.0
414,4847.0,3518.0,1900.0,6567.0,261.0,1044.0,1044.0,1306.0,500.0,46.0,24.6,5034.0,58.0,27.0
415,2013.0,1053.0,212.0,912.0,158.0,5150.0,5150.0,3036.0,500.0,64.0,10.5,7547.0,59.0,33.0
416,2397.0,2144.0,1525.0,6720.0,1822.0,2262.0,3957.0,2325.0,618.0,66.0,20.0,4546.0,45.0,22.0
417,5996.0,4993.0,3079.0,16269.0,3757.0,2625.0,5925.0,2980.0,600.0,83.0,15.9,6741.0,37.0,29.0
420,1891.0,1698.0,719.0,2740.0,761.0,11100.0,11100.0,5870.0,600.0,77.0,11.7,9456.0,53.0,24.0
427,7033.0,5125.0,1223.0,4941.0,1534.0,19040.0,19040.0,5950.0,350.0,98.0,9.1,16920.0,74.0,47.0
429,2097.0,1915.0,695.0,2793.0,166.0,6900.0,6900.0,4200.0,617.0,67.0,14.4,8323.0,49.0,34.0
430,2431.0,2416.0,1711.0,7534.0,775.0,2028.0,3950.0,2982.0,600.0,50.0,15.9,5244.0,33.0,37.0
431,1420.0,1093.0,220.0,1018.0,287.0,8700.0,8700.0,4780.0,450.0,78.0,14.7,7355.0,69.0,9.0
433,350.0,283.0,82.0,367.0,406.0,10800.0,10800.0,4835.0,500.0,45.0,11.7,5982.0,82.0,9.0
434,2135.0,1700.0,491.0,1708.0,689.0,12000.0,12000.0,5920.0,500.0,93.0,13.8,7100.0,88.0,23.0
435,1981.0,1541.0,514.0,1927.0,1084.0,12500.0,12500.0,6200.0,375.0,73.0,16.8,8707.0,80.0,18.0
437,3466.0,2330.0,640.0,3095.0,1533.0,13800.0,13800.0,5510.0,630.0,87.0,17.5,10941.0,82.0,20.0
441,443.0,330.0,151.0,453.0,42.0,14080.0,14080.0,6270.0,500.0,57.0,10.2,15387.0,46.0,5.0
442,4186.0,2743.0,740.0,2819.0,62.0,19380.0,19380.0,6750.0,410.0,90.0,9.8,17150.0,84.0,48.0
443,2887.0,2059.0,457.0,1928.0,296.0,17500.0,17500.0,4200.0,500.0,94.0,10.5,11951.0,79.0,30.0
444,245.0,208.0,125.0,544.0,436.0,11800.0,11800.0,4765.0,450.0,71.0,11.3,8952.0,86.0,23.0
445,2994.0,1691.0,659.0,2675.0,22.0,18000.0,18000.0,6300.0,400.0,92.0,11.3,12138.0,95.0,70.0
446,1224.0,936.0,283.0,891.0,332.0,13600.0,13600.0,5450.0,600.0,39.0,8.7,11992.0,58.0,5.0
447,516.0,409.0,200.0,1238.0,30.0,8770.0,8770.0,3500.0,450.0,58.0,17.3,6430.0,70.0,17.0
450,674.0,565.0,282.0,1151.0,39.0,12200.0,12200.0,4070.0,400.0,73.0,14.2,9226.0,66.0,25.0
453,244.0,198.0,82.0,1134.0,336.0,11700.0,11700.0,5300.0,550.0,71.0,27.8,8694.0,58.0,12.0
454,3986.0,3026.0,1093.0,5740.0,4182.0,4694.0,9838.0,4164.0,500.0,81.0,16.1,7607.0,53.0,8.0
456,4915.0,3340.0,1064.0,5356.0,1502.0,1408.0,5542.0,3991.0,500.0,73.0,17.1,4666.0,51.0,4.0
459,1563.0,1005.0,240.0,1380.0,136.0,1408.0,5542.0,4330.0,500.0,65.0,14.2,6562.0,57.0,1.0
461,3100.0,2150.0,825.0,3234.0,941.0,1408.0,5542.0,3788.0,500.0,75.0,15.7,4222.0,65.0,3.0
462,2197.0,1515.0,543.0,3089.0,2029.0,2663.0,6797.0,3900.0,500.0,60.0,21.0,4469.0,40.0,4.0
463,1800.0,1314.0,526.0,1891.0,40.0,19300.0,19300.0,5700.0,750.0,79.0,9.0,18359.0,84.0,47.0
468,427.0,385.0,143.0,581.0,533.0,12700.0,12700.0,5800.0,450.0,81.0,10.3,11758.0,84.0,18.0
469,1003.0,782.0,295.0,1144.0,160.0,16160.0,16160.0,6950.0,500.0,74.0,8.9,14086.0,79.0,23.0
470,2925.0,1598.0,632.0,2479.0,95.0,18820.0,18820.0,6390.0,500.0,85.0,10.3,21199.0,90.0,51.0
471,3347.0,2597.0,1006.0,4664.0,1630.0,1836.0,6919.0,4500.0,500.0,74.0,15.0,7462.0,56.0,10.0
473,3646.0,2300.0,585.0,2022.0,926.0,12170.0,12170.0,6172.0,480.0,79.0,13.0,7495.0,97.0,25.0
479,1650.0,1471.0,409.0,1803.0,1116.0,8994.0,8994.0,5500.0,498.0,74.0,15.4,8409.0,59.0,7.0
480,1738.0,1373.0,417.0,1335.0,30.0,18460.0,18460.0,5970.0,700.0,92.0,13.2,22704.0,71.0,21.0
483,2768.0,2314.0,682.0,2802.0,86.0,15884.0,15884.0,5370.0,530.0,92.0,15.2,10774.0,82.0,49.0
489,457.0,356.0,177.0,667.0,1983.0,11180.0,11180.0,5620.0,600.0,64.0,11.5,7477.0,75.0,35.0
490,1301.0,957.0,101.0,514.0,466.0,9500.0,9500.0,3450.0,700.0,47.0,13.9,9431.0,63.0,13.0
493,1151.0,813.0,248.0,850.0,80.0,15588.0,15588.0,6174.0,500.0,78.0,9.2,16623.0,77.0,40.0
494,699.0,565.0,176.0,710.0,399.0,13960.0,13960.0,6040.0,450.0,82.0,14.4,12434.0,72.0,36.0
496,4076.0,3137.0,738.0,3010.0,184.0,12990.0,12990.0,6300.0,600.0,86.0,14.7,9448.0,80.0,25.0
497,5892.0,3034.0,1358.0,4517.0,745.0,1794.0,4136.0,4640.0,550.0,80.0,18.2,6867.0,29.0,20.0
498,1321.0,1159.0,328.0,1243.0,79.0,12850.0,12850.0,6200.0,550.0,77.0,12.8,8536.0,80.0,15.0
499,4216.0,2290.0,736.0,4296.0,1027.0,2328.0,5130.0,4690.0,600.0,73.0,17.9,5125.0,56.0,20.0
500,323.0,278.0,122.0,393.0,4.0,16150.0,16150.0,5450.0,275.0,63.0,7.2,15622.0,64.0,31.0
501,1340.0,695.0,285.0,1315.0,209.0,4000.0,6800.0,4730.0,675.0,84.0,11.6,10357.0,63.0,42.0
505,4269.0,2594.0,985.0,6476.0,2592.0,3338.0,8594.0,4408.0,494.0,82.0,18.4,7618.0,55.0,27.0
508,1209.0,942.0,214.0,822.0,46.0,15276.0,15276.0,5318.0,500.0,79.0,11.2,10830.0,65.0,31.0
509,1205.0,984.0,278.0,1071.0,98.0,14510.0,14510.0,5340.0,500.0,84.0,12.5,10026.0,60.0,31.0
510,461.0,381.0,235.0,974.0,503.0,2700.0,6600.0,3630.0,400.0,67.0,15.2,6408.0,35.0,10.0
513,2848.0,1319.0,456.0,1720.0,35.0,18930.0,18930.0,5590.0,500.0,83.0,10.2,15954.0,91.0,58.0
514,1208.0,803.0,438.0,1906.0,344.0,2790.0,6810.0,3970.0,450.0,67.0,15.9,5712.0,59.0,20.0
515,225.0,168.0,104.0,467.0,174.0,1968.0,4800.0,3395.0,500.0,65.0,15.0,5632.0,38.0,5.0
516,723.0,652.0,361.0,951.0,706.0,7800.0,7800.0,4000.0,350.0,36.0,22.0,4923.0,84.0,10.0
517,1209.0,750.0,265.0,820.0,159.0,11450.0,11450.0,5045.0,900.0,72.0,11.4,9718.0,64.0,19.0
518,833.0,682.0,217.0,716.0,2196.0,9985.0,9985.0,5180.0,500.0,53.0,27.2,4322.0,85.0,12.0
519,356.0,312.0,139.0,388.0,412.0,8850.0,8850.0,4450.0,600.0,29.0,21.8,5001.0,75.0,18.0
520,5260.0,4589.0,1741.0,7366.0,1795.0,3085.0,7975.0,4385.0,500.0,93.0,14.5,7379.0,56.0,23.0
521,441.0,369.0,172.0,633.0,317.0,2700.0,6600.0,3680.0,600.0,46.0,15.1,5935.0,64.0,17.0
524,1428.0,1097.0,336.0,1036.0,99.0,11250.0,11250.0,3750.0,400.0,53.0,12.9,8735.0,54.0,22.0
525,1899.0,1720.0,489.0,1594.0,32.0,13868.0,13868.0,4826.0,450.0,89.0,13.7,11487.0,73.0,37.0
526,1267.0,1080.0,385.0,1306.0,28.0,12572.0,12572.0,4552.0,400.0,79.0,15.3,9305.0,68.0,44.0
527,1130.0,704.0,322.0,1586.0,326.0,9996.0,9996.0,3090.0,900.0,62.0,11.5,10908.0,46.0,14.0
528,619.0,516.0,219.0,1251.0,767.0,11208.0,11208.0,4124.0,350.0,55.0,12.7,6584.0,65.0,20.0
529,1784.0,1512.0,913.0,3401.0,136.0,10230.0,10230.0,3710.0,400.0,75.0,14.8,7786.0,81.0,29.0
535,5165.0,3887.0,1561.0,8234.0,2619.0,2422.0,6108.0,3800.0,500.0,64.0,20.6,5063.0,57.0,20.0
536,920.0,745.0,347.0,1133.0,42.0,11090.0,11090.0,4700.0,400.0,80.0,12.0,12639.0,79.0,35.0
537,1712.0,1483.0,624.0,2505.0,208.0,12275.0,12275.0,4341.0,465.0,72.0,12.5,9284.0,72.0,37.0
539,867.0,695.0,312.0,2176.0,2063.0,6759.0,6759.0,2250.0,700.0,40.0,15.8,4727.0,45.0,28.0
540,440.0,391.0,231.0,1367.0,2662.0,5040.0,5040.0,4152.0,395.0,54.0,14.7,5518.0,57.0,13.0
543,2618.0,2288.0,1032.0,5524.0,414.0,3510.0,8127.0,3978.0,900.0,82.0,17.0,7473.0,65.0,42.0
544,1406.0,1169.0,522.0,2432.0,592.0,3312.0,6456.0,4186.0,500.0,47.0,19.9,4310.0,51.0,10.0
546,3041.0,2581.0,1173.0,6441.0,3982.0,3123.0,9114.0,4030.0,400.0,88.0,19.7,6637.0,53.0,16.0
549,464.0,419.0,183.0,686.0,287.0,9240.0,9240.0,3880.0,475.0,29.0,7.2,9431.0,47.0,10.0
550,372.0,362.0,181.0,1501.0,353.0,8600.0,8600.0,3550.0,385.0,48.0,15.4,10938.0,49.0,15.0
551,927.0,731.0,415.0,2149.0,2217.0,11130.0,11130.0,3996.0,600.0,72.0,13.5,10891.0,51.0,24.0
555,9167.0,7191.0,2738.0,15739.0,4278.0,2785.0,6940.0,4100.0,500.0,80.0,24.7,5983.0,55.0,24.0
560,662.0,513.0,257.0,2074.0,726.0,11902.0,11902.0,4372.0,540.0,65.0,12.8,7836.0,58.0,12.0
561,1208.0,877.0,546.0,3796.0,824.0,2133.0,4425.0,2700.0,660.0,57.0,19.6,3752.0,46.0,12.0
562,2694.0,1579.0,489.0,1870.0,12.0,19292.0,19292.0,3957.0,550.0,81.0,10.4,17960.0,91.0,75.0
563,938.0,864.0,511.0,1715.0,103.0,12247.0,12247.0,4221.0,500.0,70.0,13.1,8847.0,72.0,29.0
564,511.0,411.0,186.0,1692.0,562.0,12224.0,12224.0,4440.0,450.0,63.0,11.5,7315.0,77.0,23.0
565,672.0,596.0,278.0,1350.0,275.0,11844.0,11844.0,3696.0,450.0,54.0,11.6,8996.0,72.0,29.0
566,2057.0,1807.0,828.0,4106.0,982.0,11712.0,11712.0,4037.0,500.0,80.0,13.8,8546.0,89.0,26.0
568,281.0,266.0,139.0,1049.0,181.0,10500.0,10500.0,3750.0,450.0,69.0,12.8,6955.0,45.0,13.0
569,1709.0,1385.0,634.0,2281.0,50.0,14125.0,14125.0,3600.0,400.0,79.0,12.5,9907.0,80.0,36.0
570,1006.0,825.0,328.0,1362.0,102.0,13252.0,13252.0,4194.0,450.0,89.0,13.0,10296.0,65.0,34.0
571,2939.0,1496.0,452.0,1723.0,113.0,15909.0,15909.0,4772.0,500.0,85.0,11.9,14213.0,77.0,56.0
572,3073.0,2672.0,1547.0,9649.0,1792.0,2600.0,4300.0,2643.0,450.0,57.0,19.0,5801.0,68.0,9.0
573,2442.0,2164.0,1189.0,5983.0,1075.0,2134.0,4426.0,2664.0,600.0,76.0,18.1,4795.0,60.0,12.0
575,1047.0,938.0,511.0,2091.0,546.0,2285.0,4285.0,2750.0,600.0,58.0,16.5,6591.0,51.0,13.0
576,3971.0,3306.0,1921.0,11493.0,2206.0,2270.0,4259.0,2625.0,350.0,70.0,18.9,4629.0,58.0,10.0
577,933.0,800.0,444.0,1691.0,72.0,12247.0,12247.0,4081.0,500.0,76.0,12.0,9853.0,70.0,18.0
578,876.0,802.0,367.0,1263.0,118.0,10800.0,10800.0,3600.0,400.0,68.0,18.8,5081.0,78.0,14.0
579,2248.0,1673.0,745.0,2888.0,105.0,14350.0,14350.0,3750.0,550.0,82.0,10.0,12502.0,83.0,38.0
580,4192.0,3126.0,1656.0,5887.0,1254.0,2994.0,8828.0,3474.0,753.0,79.0,19.0,6393.0,53.0,15.0
581,1458.0,874.0,588.0,1846.0,154.0,3330.0,9843.0,3180.0,600.0,74.0,14.6,6716.0,51.0,56.0
582,3325.0,2047.0,1301.0,5800.0,872.0,2200.0,4200.0,2700.0,300.0,53.0,20.2,5318.0,58.0,20.0
585,373.0,298.0,86.0,651.0,490.0,8950.0,8950.0,3800.0,500.0,57.0,10.6,6639.0,54.0,14.0
586,633.0,504.0,210.0,920.0,148.0,7780.0,7780.0,3370.0,600.0,50.0,15.1,6850.0,49.0,11.0
587,4681.0,4101.0,1436.0,8094.0,1596.0,2310.0,4620.0,3288.0,300.0,69.0,19.7,5501.0,50.0,10.0
588,314.0,158.0,132.0,690.0,5346.0,8294.0,8294.0,3700.0,400.0,87.0,15.3,5015.0,37.0,10.0
589,1576.0,1110.0,274.0,992.0,112.0,8000.0,8000.0,3700.0,400.0,51.0,14.1,5807.0,51.0,24.0
590,700.0,650.0,314.0,1065.0,48.0,8730.0,8730.0,3523.0,500.0,82.0,13.2,9303.0,67.0,33.0
591,291.0,245.0,126.0,981.0,337.0,8390.0,8390.0,4100.0,350.0,45.0,21.5,4607.0,62.0,16.0
594,810.0,484.0,356.0,2155.0,191.0,9200.0,9200.0,4800.0,1000.0,65.0,24.1,3480.0,100.0,6.0
595,549.0,397.0,169.0,1343.0,1751.0,9250.0,9250.0,4550.0,425.0,52.0,13.1,5925.0,61.0,26.0
596,1576.0,1326.0,913.0,3689.0,2200.0,1920.0,3840.0,2852.0,200.0,52.0,20.3,4172.0,100.0,13.0
597,1310.0,983.0,316.0,1057.0,175.0,8550.0,8550.0,5050.0,400.0,35.0,17.4,4333.0,27.0,5.0
598,1887.0,1870.0,848.0,3615.0,1446.0,1998.0,3900.0,2611.0,500.0,54.0,19.0,4602.0,40.0,8.0
599,6040.0,4577.0,1620.0,5640.0,266.0,2704.0,4856.0,3416.0,400.0,69.0,15.7,6601.0,76.0,36.0
600,2729.0,2535.0,1257.0,4787.0,472.0,2130.0,3735.0,3136.0,250.0,62.0,21.7,5284.0,54.0,8.0
601,270.0,225.0,65.0,3440.0,4103.0,3750.0,3750.0,3900.0,700.0,39.0,18.4,3019.0,49.0,15.0
602,935.0,858.0,345.0,1127.0,754.0,9490.0,9490.0,4100.0,500.0,60.0,10.7,7519.0,79.0,22.0
604,2281.0,1870.0,1408.0,6553.0,1246.0,2550.0,4680.0,3540.0,200.0,75.0,17.1,5916.0,45.0,18.0
605,1093.0,1093.0,642.0,1770.0,967.0,7070.0,7070.0,2500.0,400.0,52.0,15.9,4718.0,71.0,12.0
606,6118.0,5254.0,3204.0,13131.0,3374.0,2370.0,4740.0,2590.0,500.0,70.0,19.9,4632.0,56.0,15.0
607,3294.0,2855.0,956.0,4576.0,1140.0,11690.0,11690.0,4730.0,800.0,84.0,4.6,18367.0,67.0,44.0
608,450.0,405.0,194.0,614.0,388.0,13900.0,13900.0,5200.0,450.0,46.0,10.9,9995.0,59.0,17.0
609,6574.0,4637.0,2940.0,14782.0,1583.0,3030.0,9057.0,3485.0,600.0,87.0,12.7,10145.0,58.0,32.0
610,1877.0,1826.0,823.0,3926.0,561.0,3030.0,9057.0,3600.0,700.0,88.0,14.4,9699.0,49.0,49.0
612,1618.0,1141.0,479.0,4793.0,4552.0,2424.0,7246.0,3964.0,500.0,71.0,13.4,6433.0,48.0,18.0
614,665.0,462.0,226.0,1739.0,1550.0,9160.0,9160.0,4340.0,500.0,68.0,20.6,6951.0,48.0,17.0
615,662.0,553.0,184.0,665.0,37.0,10720.0,10720.0,4050.0,600.0,66.0,12.5,7925.0,62.0,20.0
616,663.0,547.0,315.0,1279.0,75.0,10060.0,10060.0,2970.0,500.0,74.0,11.2,7885.0,59.0,32.0
617,469.0,435.0,227.0,851.0,120.0,10535.0,10535.0,4365.0,550.0,39.0,12.9,7438.0,52.0,17.0
623,967.0,945.0,459.0,2806.0,538.0,1812.0,4528.0,1880.0,500.0,49.0,17.1,5113.0,58.0,15.0
625,905.0,834.0,319.0,1073.0,179.0,11320.0,11320.0,4402.0,550.0,82.0,12.7,11218.0,58.0,32.0
626,594.0,385.0,307.0,1695.0,721.0,5580.0,5580.0,2830.0,600.0,77.0,16.5,6170.0,61.0,36.0
627,480.0,405.0,380.0,1673.0,1014.0,2244.0,4386.0,2217.0,600.0,49.0,15.8,5704.0,63.0,19.0
628,4255.0,3277.0,1609.0,10094.0,1621.0,4946.0,9866.0,3084.0,480.0,77.0,15.9,6223.0,53.0,18.0
629,2800.0,1090.0,580.0,2124.0,199.0,2164.0,4306.0,2100.0,275.0,43.0,18.6,4955.0,56.0,10.0
630,1328.0,673.0,282.0,1006.0,174.0,4000.0,4000.0,2048.0,225.0,44.0,19.6,5103.0,49.0,25.0
631,3280.0,578.0,311.0,1120.0,33.0,5010.0,5010.0,2570.0,500.0,53.0,14.5,6481.0,53.0,18.0
632,3844.0,3383.0,1669.0,7524.0,804.0,1996.0,4916.0,3810.0,600.0,81.0,20.3,6971.0,53.0,26.0
633,2850.0,2044.0,1046.0,9260.0,1387.0,2392.0,4652.0,2470.0,500.0,78.0,18.7,5917.0,45.0,20.0
635,529.0,492.0,261.0,1093.0,322.0,8650.0,8650.0,3815.0,390.0,49.0,14.1,5862.0,58.0,29.0
637,931.0,912.0,596.0,2482.0,868.0,2142.0,5866.0,3300.0,600.0,70.0,18.5,5105.0,40.0,7.0
638,572.0,544.0,320.0,1470.0,416.0,2013.0,6073.0,3400.0,550.0,71.0,16.4,6112.0,74.0,45.0
639,3500.0,2836.0,1779.0,8730.0,993.0,1576.0,5552.0,3710.0,550.0,75.0,17.6,6324.0,37.0,15.0
641,560.0,392.0,270.0,743.0,118.0,8734.0,8734.0,3362.0,600.0,56.0,11.3,6422.0,68.0,11.0
644,4809.0,3089.0,1429.0,6162.0,871.0,740.0,6806.0,1780.0,600.0,72.0,16.7,7090.0,44.0,12.0
645,7313.0,4664.0,1910.0,9940.0,1035.0,740.0,6806.0,2540.0,96.0,83.0,18.3,5854.0,70.0,20.0
646,1757.0,979.0,394.0,2033.0,1078.0,608.0,5972.0,3420.0,600.0,77.0,13.0,7011.0,37.0,32.0
647,771.0,643.0,229.0,1135.0,505.0,7420.0,7420.0,3440.0,500.0,55.0,13.7,5930.0,67.0,14.0
649,632.0,494.0,129.0,709.0,131.0,9000.0,9000.0,4850.0,300.0,78.0,13.2,7550.0,52.0,17.0
651,2087.0,1339.0,657.0,3191.0,1204.0,7550.0,7550.0,2790.0,600.0,77.0,21.8,3739.0,63.0,20.0
652,1083.0,880.0,291.0,915.0,80.0,9270.0,9270.0,4100.0,600.0,75.0,13.5,8425.0,55.0,13.0
653,2373.0,956.0,452.0,1601.0,6.0,17295.0,17295.0,5070.0,600.0,95.0,12.0,17581.0,94.0,77.0
655,9274.0,6362.0,2435.0,13171.0,1687.0,764.0,7248.0,3240.0,500.0,74.0,13.2,9002.0,58.0,14.0
656,1531.0,827.0,405.0,1630.0,143.0,556.0,5030.0,2648.0,170.0,68.0,14.1,8994.0,51.0,12.0
657,3624.0,2786.0,858.0,2933.0,334.0,9100.0,9100.0,3883.0,490.0,70.0,18.9,6329.0,63.0,11.0
658,1455.0,1064.0,452.0,2632.0,617.0,740.0,6806.0,2550.0,350.0,75.0,15.1,6972.0,24.0,1.0
659,1110.0,930.0,332.0,1603.0,374.0,8180.0,8180.0,4270.0,500.0,65.0,15.2,5664.0,29.0,18.0
660,608.0,494.0,176.0,649.0,314.0,8330.0,8330.0,3770.0,550.0,64.0,13.0,7949.0,39.0,10.0
661,1202.0,1054.0,326.0,1410.0,299.0,13404.0,13404.0,5160.0,450.0,78.0,15.6,9114.0,65.0,18.0
662,1412.0,1149.0,347.0,2045.0,359.0,7550.0,7550.0,4050.0,600.0,55.0,17.8,4947.0,62.0,11.0
665,979.0,743.0,259.0,1188.0,166.0,10100.0,10100.0,4000.0,400.0,88.0,12.0,8539.0,66.0,25.0
666,900.0,473.0,217.0,621.0,11.0,4400.0,4400.0,3400.0,800.0,53.0,10.4,9268.0,92.0,22.0
667,1056.0,873.0,385.0,1111.0,244.0,6950.0,6950.0,3550.0,600.0,60.0,11.9,6786.0,69.0,15.0
668,857.0,772.0,376.0,1721.0,470.0,6720.0,6720.0,3250.0,450.0,77.0,13.9,6881.0,82.0,25.0
670,263.0,223.0,103.0,316.0,20.0,8438.0,8438.0,3372.0,500.0,42.0,11.1,11989.0,15.0,10.0
672,812.0,689.0,195.0,646.0,84.0,8242.0,8242.0,4230.0,600.0,77.0,12.7,10090.0,52.0,7.0
673,944.0,774.0,440.0,2174.0,529.0,628.0,6360.0,2760.0,550.0,77.0,15.0,6443.0,48.0,14.0
674,838.0,651.0,159.0,654.0,162.0,8640.0,8640.0,3700.0,400.0,62.0,12.2,7634.0,48.0,11.0
675,516.0,392.0,154.0,630.0,549.0,11020.0,11020.0,4970.0,610.0,73.0,14.0,9315.0,58.0,32.0
676,335.0,284.0,132.0,534.0,216.0,10475.0,10475.0,6300.0,500.0,68.0,11.2,9599.0,60.0,28.0
682,5803.0,4441.0,1730.0,10099.0,3255.0,764.0,7248.0,3109.0,600.0,79.0,16.8,6227.0,62.0,19.0
683,5191.0,4134.0,1500.0,7532.0,1847.0,931.0,8677.0,3505.0,600.0,75.0,15.5,7392.0,53.0,15.0
685,440.0,311.0,112.0,466.0,7.0,10000.0,10000.0,3052.0,400.0,65.0,11.4,9430.0,63.0,25.0
686,3224.0,2519.0,1057.0,5000.0,706.0,718.0,6390.0,2380.0,110.0,67.0,14.6,6554.0,55.0,11.0
687,6071.0,3856.0,1449.0,6635.0,1145.0,1492.0,7558.0,3680.0,500.0,82.0,19.1,6005.0,55.0,15.0
688,1239.0,1017.0,383.0,1207.0,157.0,7820.0,7820.0,3400.0,550.0,69.0,13.9,7264.0,91.0,10.0
690,434.0,412.0,319.0,1376.0,237.0,1681.0,4486.0,2146.0,600.0,50.0,16.5,4525.0,46.0,10.0
691,472.0,410.0,262.0,9950.0,71.0,7620.0,7620.0,3050.0,400.0,51.0,17.0,3186.0,54.0,14.0
692,659.0,601.0,342.0,1476.0,282.0,6490.0,6490.0,2660.0,500.0,26.0,18.0,4460.0,48.0,12.0
693,233.0,233.0,153.0,658.0,58.0,1680.0,4486.0,2516.0,600.0,68.0,15.7,6971.0,51.0,5.0
695,2777.0,2249.0,1652.0,8334.0,1435.0,2110.0,5634.0,2703.0,450.0,97.0,15.9,9424.0,49.0,20.0
696,368.0,344.0,212.0,863.0,189.0,1606.0,4286.0,2570.0,600.0,39.0,14.9,4958.0,40.0,5.0
697,2968.0,2297.0,1610.0,7368.0,1128.0,2310.0,5834.0,2744.0,600.0,79.0,17.0,6310.0,42.0,13.0
698,1024.0,1024.0,547.0,1830.0,490.0,1575.0,2670.0,2668.0,500.0,62.0,25.0,4895.0,80.0,5.0
699,305.0,230.0,107.0,503.0,801.0,9000.0,9000.0,3500.0,400.0,23.0,8.9,6696.0,47.0,16.0
700,440.0,434.0,252.0,764.0,38.0,7896.0,7896.0,3270.0,450.0,54.0,11.1,7589.0,80.0,22.0
701,2967.0,2836.0,876.0,3450.0,644.0,10628.0,10628.0,4372.0,650.0,85.0,6.5,22906.0,85.0,30.0
702,504.0,482.0,185.0,550.0,84.0,9130.0,9130.0,3322.0,450.0,46.0,12.6,8686.0,54.0,10.0
703,793.0,709.0,244.0,1022.0,411.0,9570.0,9570.0,3000.0,400.0,67.0,15.1,6852.0,60.0,20.0
704,817.0,708.0,262.0,935.0,37.0,9376.0,9376.0,3272.0,500.0,57.0,13.0,7335.0,52.0,22.0
709,701.0,501.0,458.0,959.0,457.0,1432.0,2580.0,2624.0,500.0,48.0,20.1,4870.0,44.0,10.0
711,6277.0,6003.0,3526.0,16454.0,3171.0,2055.0,5595.0,3145.0,500.0,86.0,15.1,6813.0,53.0,33.0
712,1373.0,1373.0,724.0,2754.0,474.0,1500.0,2700.0,2660.0,540.0,60.0,20.3,4550.0,52.0,6.0
716,5187.0,4471.0,446.0,1818.0,1197.0,13320.0,13320.0,4630.0,500.0,50.0,17.6,6418.0,51.0,3.0
719,379.0,324.0,107.0,500.0,311.0,9990.0,9990.0,4900.0,400.0,44.0,12.1,4948.0,33.0,15.0
720,484.0,386.0,141.0,590.0,1196.0,9870.0,9870.0,4860.0,600.0,59.0,12.2,6744.0,81.0,6.0
721,2095.0,1553.0,514.0,1873.0,94.0,12950.0,12950.0,5400.0,450.0,70.0,14.5,6719.0,97.0,15.0
722,9750.0,7640.0,2529.0,10358.0,1338.0,3550.0,11180.0,3862.0,650.0,89.0,17.5,7855.0,75.0,24.0
723,3121.0,2446.0,822.0,3480.0,776.0,2590.0,7870.0,4157.0,500.0,73.0,16.1,6195.0,61.0,5.0
725,585.0,508.0,153.0,460.0,536.0,12292.0,12292.0,4934.0,500.0,61.0,22.2,8643.0,72.0,12.0
728,1011.0,604.0,213.0,693.0,868.0,8900.0,8900.0,4600.0,425.0,87.0,13.9,7922.0,55.0,17.0
729,369.0,312.0,90.0,396.0,526.0,11400.0,11400.0,5400.0,500.0,41.0,9.5,9583.0,24.0,12.0
730,444.0,359.0,122.0,493.0,968.0,10900.0,10900.0,5250.0,380.0,68.0,11.4,9447.0,78.0,34.0
731,2153.0,1580.0,321.0,1192.0,87.0,18432.0,18432.0,5616.0,520.0,93.0,10.2,14907.0,83.0,56.0
732,348.0,281.0,127.0,1095.0,785.0,9150.0,9150.0,3950.0,500.0,56.0,12.2,7348.0,76.0,12.0
733,3820.0,1431.0,695.0,5303.0,3942.0,2342.0,4356.0,4830.0,800.0,76.0,22.1,7252.0,51.0,21.0
735,2957.0,1423.0,691.0,3817.0,1394.0,2798.0,3946.0,4800.0,400.0,63.0,14.9,8367.0,26.0,10.0
736,2707.0,1881.0,478.0,1893.0,847.0,12480.0,12480.0,5290.0,530.0,70.0,14.2,9492.0,54.0,14.0
737,5220.0,2128.0,865.0,6411.0,3186.0,2400.0,3648.0,4834.0,700.0,82.0,21.5,6717.0,58.0,19.0
738,1879.0,1216.0,483.0,3311.0,1646.0,4188.0,8832.0,5376.0,700.0,92.0,13.5,12529.0,72.0,27.0
739,3344.0,2322.0,1105.0,6804.0,3933.0,1965.0,2875.0,3840.0,600.0,76.0,17.2,6001.0,40.0,6.0
740,5485.0,2662.0,1108.0,5938.0,2298.0,2385.0,3135.0,4170.0,300.0,77.0,23.5,6391.0,38.0,9.0
742,3586.0,2424.0,730.0,2748.0,1309.0,13250.0,13250.0,5420.0,700.0,84.0,12.3,11299.0,70.0,16.0
743,5785.0,2690.0,499.0,4005.0,1886.0,3640.0,7410.0,4748.0,690.0,90.0,17.4,11878.0,58.0,26.0
744,4576.0,3565.0,1000.0,4384.0,1530.0,12000.0,12000.0,6484.0,650.0,81.0,14.4,10080.0,64.0,16.0
745,1606.0,1413.0,530.0,1921.0,1154.0,9408.0,9408.0,5520.0,500.0,78.0,12.1,7669.0,53.0,23.0
746,1768.0,1249.0,380.0,1263.0,11.0,16900.0,16900.0,5680.0,450.0,89.0,19.0,12837.0,79.0,51.0
747,5042.0,2312.0,944.0,5167.0,902.0,3116.0,5391.0,5411.0,700.0,81.0,14.4,8504.0,81.0,55.0
749,3366.0,1752.0,232.0,2585.0,1300.0,3641.0,7411.0,4748.0,690.0,90.0,18.6,10134.0,57.0,27.0
751,3148.0,1616.0,504.0,3553.0,3152.0,11010.0,11010.0,5400.0,623.0,77.0,16.7,9637.0,60.0,9.0
752,2088.0,957.0,362.0,2745.0,1938.0,3227.0,4449.0,4860.0,600.0,74.0,17.8,7333.0,47.0,6.0
753,4019.0,1579.0,710.0,4365.0,765.0,2288.0,3040.0,4351.0,711.0,78.0,19.5,5599.0,64.0,23.0
755,546.0,447.0,189.0,873.0,683.0,11138.0,11138.0,4138.0,600.0,40.0,14.0,8820.0,80.0,16.0
756,77.0,61.0,27.0,352.0,147.0,3120.0,3120.0,3382.0,400.0,24.0,14.3,3190.0,20.0,7.0
758,777.0,649.0,406.0,1630.0,384.0,1392.0,5148.0,2380.0,400.0,72.0,17.4,7664.0,28.0,5.0
759,787.0,601.0,233.0,1017.0,411.0,1302.0,5376.0,3214.0,600.0,99.0,13.7,9241.0,34.0,40.0
762,3871.0,3349.0,1891.0,12257.0,5264.0,1884.0,7115.0,3516.0,584.0,91.0,14.3,8209.0,34.0,27.0
766,2186.0,1924.0,512.0,2683.0,1227.0,12280.0,12280.0,6450.0,750.0,29.0,12.2,10527.0,56.0,16.0
767,1011.0,829.0,410.0,1059.0,2458.0,9000.0,9000.0,3100.0,450.0,77.0,12.4,11178.0,42.0,9.0
768,1732.0,1425.0,472.0,1830.0,110.0,16548.0,16548.0,5406.0,500.0,82.0,11.3,10932.0,73.0,37.0
769,1910.0,838.0,285.0,1004.0,15.0,19264.0,19264.0,6206.0,750.0,98.0,10.4,13894.0,79.0,50.0
770,2853.0,2193.0,753.0,2978.0,434.0,10750.0,10750.0,5340.0,400.0,90.0,14.6,7972.0,64.0,16.0
776,2174.0,1953.0,557.0,2332.0,53.0,15960.0,15960.0,5580.0,700.0,95.0,15.8,11659.0,77.0,35.0
777,4856.0,2492.0,727.0,2649.0,25.0,19510.0,19510.0,5565.0,500.0,95.0,10.5,15494.0,93.0,46.0
778,946.0,648.0,177.0,707.0,432.0,11790.0,11790.0,5770.0,500.0,75.0,11.9,10015.0,83.0,23.0
780,983.0,664.0,249.0,1698.0,894.0,9990.0,9990.0,5666.0,800.0,66.0,14.3,6084.0,64.0,23.0
786,866.0,619.0,157.0,1074.0,336.0,8920.0,8920.0,4310.0,680.0,68.0,14.6,6898.0,46.0,18.0
787,360.0,329.0,108.0,756.0,863.0,8310.0,8310.0,5500.0,600.0,43.0,12.7,5480.0,54.0,4.0
788,1457.0,1045.0,345.0,1109.0,502.0,14990.0,14990.0,4980.0,450.0,77.0,21.5,7502.0,64.0,27.0
789,4200.0,2874.0,942.0,4740.0,1646.0,14235.0,14235.0,6965.0,600.0,86.0,14.4,10864.0,80.0,30.0
790,3140.0,1783.0,454.0,1646.0,24.0,19700.0,19700.0,5050.0,300.0,91.0,9.6,17761.0,91.0,40.0
791,2083.0,1725.0,430.0,1464.0,67.0,17480.0,17480.0,4780.0,500.0,75.0,12.3,11625.0,73.0,22.0
792,2688.0,2081.0,500.0,1792.0,5.0,19029.0,19029.0,5841.0,600.0,99.0,12.1,13040.0,79.0,25.0
793,7428.0,5860.0,1349.0,6534.0,1350.0,11600.0,11600.0,5920.0,1000.0,81.0,13.9,10093.0,60.0,25.0
794,949.0,786.0,302.0,1210.0,26.0,9990.0,9990.0,3550.0,500.0,85.0,15.0,8187.0,67.0,30.0
796,4892.0,3530.0,913.0,3906.0,1446.0,10690.0,10690.0,6790.0,570.0,66.0,16.0,8107.0,66.0,13.0
797,7259.0,5526.0,1368.0,5612.0,166.0,14424.0,14424.0,6192.0,634.0,58.0,11.5,9812.0,75.0,23.0
798,461.0,381.0,174.0,738.0,55.0,9600.0,9600.0,4550.0,600.0,55.0,13.3,7863.0,51.0,10.0
800,1470.0,1199.0,425.0,1820.0,558.0,11040.0,11040.0,4840.0,400.0,89.0,13.3,8118.0,94.0,21.0
801,2432.0,1730.0,563.0,2578.0,254.0,12370.0,12370.0,6800.0,500.0,92.0,13.6,10062.0,79.0,20.0
802,962.0,750.0,212.0,830.0,150.0,14700.0,14700.0,6550.0,450.0,97.0,11.3,11291.0,70.0,21.0
803,4731.0,3171.0,830.0,3557.0,658.0,10700.0,10700.0,5925.0,550.0,74.0,17.6,8408.0,69.0,12.0
804,478.0,327.0,117.0,731.0,370.0,11510.0,11510.0,6450.0,575.0,71.0,10.3,10502.0,77.0,9.0
805,695.0,535.0,239.0,988.0,785.0,10200.0,10200.0,7000.0,350.0,63.0,11.7,10622.0,68.0,21.0
809,1170.0,695.0,238.0,1170.0,429.0,7470.0,7470.0,4600.0,250.0,74.0,15.3,6898.0,88.0,14.0
810,947.0,798.0,266.0,1274.0,471.0,10850.0,10850.0,5150.0,550.0,77.0,13.6,8797.0,61.0,36.0
811,13594.0,7244.0,2505.0,12408.0,2814.0,17748.0,17748.0,7262.0,450.0,87.0,7.8,21227.0,71.0,70.0
812,2220.0,1796.0,467.0,1919.0,334.0,10320.0,10320.0,4762.0,450.0,68.0,14.2,7788.0,65.0,65.0
813,460.0,283.0,160.0,508.0,34.0,7950.0,7950.0,3810.0,600.0,35.0,11.6,9685.0,55.0,15.0
814,8256.0,3750.0,1522.0,5809.0,4379.0,11100.0,11000.0,5160.0,660.0,90.0,13.8,10059.0,62.0,37.0
815,1132.0,847.0,302.0,1379.0,214.0,16200.0,16200.0,4200.0,436.0,90.0,10.4,14329.0,62.0,58.0
822,1380.0,768.0,263.0,1000.0,105.0,19300.0,19300.0,6694.0,600.0,89.0,6.1,14779.0,83.0,57.0
823,4293.0,2728.0,591.0,2322.0,263.0,18710.0,18710.0,5970.0,500.0,87.0,12.7,14837.0,81.0,25.0
824,2961.0,1932.0,628.0,2669.0,616.0,10800.0,10800.0,5100.0,575.0,71.0,14.1,8189.0,100.0,24.0
825,1489.0,1313.0,375.0,1688.0,131.0,10456.0,10456.0,4927.0,500.0,91.0,17.7,9828.0,78.0,13.0
827,1368.0,1064.0,354.0,1687.0,677.0,10570.0,10570.0,5600.0,400.0,86.0,14.5,7908.0,66.0,19.0
830,2753.0,1820.0,505.0,1801.0,45.0,18720.0,18720.0,5730.0,650.0,90.0,11.5,14980.0,85.0,31.0
831,861.0,609.0,215.0,1117.0,815.0,8650.0,8650.0,5700.0,500.0,69.0,16.1,6534.0,67.0,10.0
834,12512.0,6969.0,1724.0,9744.0,1351.0,2650.0,6550.0,4712.0,600.0,91.0,10.5,13705.0,57.0,27.0
835,7294.0,3564.0,904.0,5758.0,1363.0,2650.0,6550.0,4460.0,500.0,79.0,19.0,6632.0,49.0,7.0
836,5318.0,3515.0,1025.0,7626.0,2091.0,2650.0,6550.0,4040.0,550.0,71.0,18.7,7511.0,42.0,8.0
837,7888.0,3519.0,1036.0,5011.0,346.0,2650.0,6550.0,4680.0,630.0,82.0,17.8,5563.0,53.0,6.0
838,4877.0,2798.0,814.0,4123.0,298.0,2650.0,6550.0,4420.0,620.0,82.0,16.3,6442.0,66.0,13.0
839,8598.0,4562.0,1143.0,5060.0,146.0,2650.0,6550.0,4170.0,600.0,79.0,19.1,5716.0,76.0,56.0
840,8399.0,3609.0,656.0,4658.0,1478.0,2650.0,6550.0,4240.0,550.0,85.0,15.3,6608.0,53.0,19.0
842,8000.0,4556.0,1464.0,6943.0,869.0,2650.0,6550.0,4810.0,500.0,69.0,22.0,5280.0,63.0,17.0
843,5549.0,3583.0,853.0,5004.0,475.0,2650.0,6550.0,4176.0,600.0,80.0,17.9,6174.0,65.0,9.0
844,3150.0,2289.0,650.0,3598.0,234.0,2650.0,6840.0,4660.0,500.0,71.0,15.1,6436.0,59.0,16.0
845,10477.0,7260.0,2442.0,10142.0,117.0,15150.0,15150.0,6870.0,635.0,73.0,11.3,14231.0,67.0,28.0
847,3495.0,1712.0,528.0,1915.0,123.0,18732.0,18732.0,6204.0,450.0,94.0,11.5,15411.0,88.0,49.0
851,3550.0,1877.0,653.0,2164.0,77.0,18920.0,18920.0,5950.0,600.0,90.0,9.7,17089.0,90.0,53.0
852,1416.0,1015.0,417.0,1324.0,117.0,13500.0,13500.0,5800.0,585.0,67.0,13.2,9006.0,75.0,10.0
853,318.0,240.0,130.0,416.0,19.0,14900.0,14900.0,5550.0,600.0,93.0,8.3,13935.0,69.0,40.0
868,1454.0,1267.0,424.0,1874.0,757.0,11431.0,11431.0,4684.0,600.0,43.0,17.4,9090.0,66.0,20.0
869,1690.0,1366.0,662.0,2718.0,1460.0,10995.0,10995.0,4410.0,1000.0,68.0,17.6,8086.0,85.0,30.0
870,692.0,514.0,209.0,760.0,81.0,9900.0,9900.0,3990.0,400.0,76.0,13.3,9073.0,58.0,20.0
871,9251.0,7333.0,3076.0,13699.0,1213.0,3070.0,7452.0,3352.0,600.0,81.0,21.1,6918.0,67.0,14.0
872,1747.0,1382.0,449.0,1662.0,960.0,13050.0,13050.0,4000.0,500.0,64.0,12.1,9557.0,83.0,34.0
873,3877.0,3156.0,713.0,3051.0,513.0,15700.0,15700.0,4730.0,525.0,95.0,2.9,19733.0,67.0,71.0
874,1307.0,1090.0,616.0,2196.0,82.0,7344.0,7344.0,4410.0,570.0,50.0,15.3,6897.0,64.0,25.0
877,798.0,620.0,238.0,1165.0,1232.0,9800.0,9800.0,4430.0,400.0,46.0,11.1,6889.0,100.0,14.0
878,553.0,452.0,228.0,1301.0,242.0,9650.0,9650.0,4400.0,600.0,57.0,14.9,6336.0,83.0,22.0
879,2100.0,1883.0,553.0,1704.0,1.0,16240.0,16240.0,4690.0,500.0,84.0,11.1,14140.0,69.0,29.0
880,571.0,461.0,174.0,645.0,283.0,10850.0,10850.0,3670.0,400.0,58.0,12.8,7505.0,56.0,10.0
881,2762.0,2279.0,533.0,1835.0,14.0,16900.0,16900.0,4720.0,500.0,88.0,11.6,12423.0,81.0,32.0
884,738.0,687.0,241.0,964.0,242.0,13780.0,13780.0,4410.0,500.0,68.0,12.5,9268.0,65.0,20.0
885,922.0,729.0,244.0,1000.0,275.0,14067.0,14067.0,4560.0,400.0,75.0,10.6,12165.0,79.0,37.0
886,2421.0,2109.0,820.0,3168.0,392.0,11700.0,11700.0,5550.0,600.0,89.0,14.5,7738.0,89.0,27.0
888,2212.0,1538.0,408.0,1445.0,1.0,19240.0,19240.0,3690.0,750.0,95.0,11.1,14067.0,88.0,44.0
890,874.0,758.0,428.0,1605.0,246.0,9858.0,9858.0,3700.0,450.0,42.0,17.6,4796.0,55.0,21.0
891,1611.0,960.0,342.0,1089.0,210.0,13850.0,13850.0,3920.0,470.0,80.0,13.2,10223.0,96.0,27.0
892,1310.0,1086.0,458.0,1365.0,144.0,12250.0,12250.0,3530.0,400.0,85.0,16.7,7215.0,81.0,26.0
893,1109.0,922.0,375.0,1115.0,70.0,13240.0,13240.0,3914.0,600.0,73.0,13.4,9333.0,73.0,24.0
895,4778.0,2767.0,678.0,2587.0,120.0,19670.0,19670.0,5820.0,575.0,77.0,10.1,16593.0,83.0,50.0
896,2936.0,2342.0,669.0,2502.0,66.0,15990.0,15990.0,4080.0,600.0,73.0,14.5,9979.0,83.0,35.0
897,11023.0,8298.0,3183.0,14861.0,1310.0,3552.0,7629.0,4095.0,550.0,79.0,20.4,8811.0,64.0,21.0
898,2190.0,1700.0,458.0,1780.0,48.0,16732.0,16732.0,5650.0,550.0,93.0,12.1,12011.0,75.0,36.0
899,1496.0,1205.0,428.0,1648.0,936.0,12888.0,12888.0,4440.0,420.0,62.0,13.9,8802.0,87.0,26.0
900,845.0,734.0,254.0,662.0,351.0,7600.0,7600.0,3800.0,600.0,59.0,19.0,5096.0,39.0,5.0
902,6855.0,5553.0,2408.0,11036.0,2011.0,3234.0,8907.0,4697.0,556.0,89.0,10.8,13889.0,54.0,26.0
903,6361.0,5293.0,1507.0,5889.0,665.0,11380.0,11380.0,4220.0,500.0,81.0,14.8,8894.0,93.0,26.0
906,325.0,260.0,86.0,699.0,717.0,9600.0,9600.0,4202.0,450.0,39.0,10.5,7164.0,68.0,21.0
907,1092.0,890.0,477.0,847.0,497.0,8670.0,8670.0,4180.0,500.0,42.0,11.3,5738.0,68.0,27.0
909,709.0,602.0,225.0,1372.0,611.0,10230.0,10230.0,4110.0,500.0,59.0,13.3,6943.0,67.0,15.0
910,1979.0,1739.0,575.0,1980.0,144.0,15948.0,15948.0,4404.0,400.0,82.0,12.8,10414.0,78.0,42.0
911,1959.0,1805.0,695.0,2849.0,1107.0,11520.0,11520.0,4960.0,600.0,73.0,13.3,9189.0,83.0,24.0
912,3297.0,2903.0,1907.0,9633.0,3662.0,2196.0,4536.0,3675.0,570.0,71.0,18.0,5483.0,50.0,13.0
914,510.0,485.0,334.0,1114.0,94.0,7400.0,7400.0,3346.0,600.0,57.0,19.8,6869.0,58.0,18.0
915,9239.0,7788.0,3290.0,13606.0,807.0,3740.0,8856.0,3960.0,500.0,81.0,17.6,7846.0,85.0,35.0
920,1782.0,1695.0,1238.0,3302.0,2686.0,1640.0,4017.0,2400.0,650.0,55.0,19.9,3823.0,36.0,15.0
922,3398.0,3191.0,1326.0,7517.0,4525.0,1133.0,1928.0,2150.0,500.0,65.0,22.8,3709.0,31.0,9.0
927,758.0,681.0,484.0,1707.0,705.0,5390.0,5390.0,3140.0,515.0,63.0,15.1,5511.0,50.0,35.0
928,776.0,765.0,351.0,1419.0,228.0,6400.0,6400.0,3150.0,500.0,58.0,16.2,6578.0,45.0,22.0
930,285.0,280.0,208.0,1140.0,473.0,1408.0,3687.0,1920.0,600.0,67.0,23.6,3864.0,43.0,21.0
931,4522.0,3913.0,2181.0,12830.0,1658.0,1889.0,5336.0,3344.0,800.0,84.0,15.3,6433.0,48.0,29.0
932,350.0,343.0,251.0,1117.0,117.0,1212.0,3274.0,1800.0,90.0,58.0,18.1,4572.0,29.0,8.0
933,692.0,576.0,174.0,597.0,83.0,10500.0,10500.0,3860.0,600.0,58.0,11.6,8990.0,39.0,19.0
934,818.0,700.0,447.0,2962.0,651.0,1500.0,3738.0,2619.0,450.0,55.0,19.6,4444.0,53.0,20.0
936,4743.0,3970.0,2233.0,13436.0,2582.0,1737.0,5173.0,3526.0,765.0,86.0,11.5,10244.0,44.0,32.0
938,1223.0,650.0,632.0,2645.0,167.0,7950.0,7950.0,3994.0,480.0,51.0,15.5,7885.0,45.0,13.0
940,299.0,206.0,81.0,811.0,206.0,9600.0,9600.0,3150.0,500.0,56.0,14.3,5976.0,41.0,26.0
942,809.0,726.0,294.0,1271.0,43.0,12500.0,12500.0,4130.0,400.0,53.0,13.5,7136.0,52.0,27.0
943,2774.0,2092.0,482.0,1763.0,59.0,15800.0,15800.0,4790.0,450.0,97.0,12.3,12999.0,69.0,35.0
944,1561.0,1188.0,458.0,1548.0,840.0,13380.0,13380.0,4210.0,500.0,89.0,17.8,8747.0,81.0,48.0
949,943.0,849.0,288.0,1041.0,35.0,14210.0,14210.0,3994.0,450.0,76.0,10.9,11216.0,42.0,41.0
951,1966.0,1436.0,327.0,1199.0,61.0,19960.0,19960.0,5490.0,500.0,90.0,11.8,15886.0,68.0,47.0
953,8631.0,6732.0,2546.0,11669.0,1605.0,3090.0,10602.0,3660.0,570.0,79.0,19.7,8020.0,54.0,25.0
954,1758.0,1485.0,419.0,2041.0,174.0,12040.0,12040.0,4100.0,600.0,92.0,13.2,9060.0,72.0,27.0
956,1658.0,1327.0,395.0,1595.0,159.0,14800.0,14800.0,4620.0,400.0,91.0,13.3,10779.0,68.0,49.0
957,1038.0,839.0,227.0,973.0,306.0,15595.0,15595.0,4400.0,300.0,79.0,11.3,11644.0,80.0,30.0
958,2652.0,1900.0,484.0,1707.0,44.0,17080.0,17080.0,4440.0,400.0,73.0,9.9,11711.0,76.0,44.0
960,1163.0,850.0,348.0,878.0,519.0,12850.0,12850.0,5400.0,400.0,78.0,12.2,8954.0,73.0,23.0
961,1465.0,810.0,313.0,1088.0,16.0,18165.0,18165.0,6750.0,500.0,100.0,12.3,17449.0,89.0,71.0
962,6548.0,3813.0,862.0,3316.0,31.0,18550.0,18550.0,4750.0,800.0,95.0,14.2,13675.0,93.0,49.0
963,599.0,494.0,224.0,1035.0,446.0,10518.0,10518.0,6250.0,300.0,59.0,16.5,7117.0,71.0,8.0
965,776.0,607.0,198.0,791.0,764.0,14340.0,14340.0,5285.0,500.0,58.0,11.7,10961.0,74.0,25.0
966,212.0,197.0,91.0,471.0,148.0,13500.0,13500.0,5230.0,400.0,95.0,9.3,16095.0,52.0,28.0
967,342.0,254.0,126.0,518.0,232.0,10335.0,10335.0,5015.0,700.0,71.0,8.3,7729.0,73.0,25.0
968,1432.0,888.0,317.0,1121.0,493.0,10860.0,10860.0,5760.0,550.0,56.0,12.9,8604.0,96.0,29.0
970,3014.0,2539.0,487.0,1889.0,62.0,18700.0,18700.0,5000.0,595.0,87.0,11.2,13861.0,87.0,31.0
972,2830.0,2374.0,1003.0,4253.0,942.0,10578.0,10578.0,5114.0,550.0,84.0,13.8,8456.0,75.0,34.0
973,458.0,369.0,165.0,1057.0,355.0,11190.0,11190.0,4800.0,450.0,60.0,13.6,8135.0,54.0,16.0
974,2417.0,1843.0,426.0,1476.0,299.0,14190.0,14190.0,4400.0,500.0,65.0,12.8,9815.0,81.0,36.0
976,2464.0,1908.0,678.0,2693.0,691.0,10970.0,10970.0,4280.0,500.0,47.0,13.3,7711.0,65.0,24.0
977,668.0,534.0,237.0,1306.0,258.0,9476.0,9476.0,4820.0,500.0,67.0,20.1,6786.0,74.0,19.0
978,3596.0,2466.0,575.0,1944.0,46.0,19964.0,19964.0,4328.0,500.0,94.0,12.1,14720.0,83.0,42.0
979,2491.0,1110.0,573.0,2213.0,35.0,5224.0,5224.0,3048.0,525.0,65.0,18.4,4957.0,100.0,57.0
980,380.0,237.0,104.0,716.0,1108.0,11000.0,11000.0,5550.0,500.0,36.0,7.8,7483.0,96.0,30.0
983,268.0,253.0,103.0,494.0,1305.0,10000.0,10000.0,5364.0,500.0,56.0,11.2,7305.0,69.0,16.0
984,6373.0,3264.0,1625.0,11375.0,1132.0,2954.0,7352.0,2906.0,500.0,77.0,20.6,6760.0,63.0,19.0
985,1005.0,859.0,298.0,1075.0,43.0,14850.0,14850.0,4460.0,450.0,97.0,12.7,12067.0,80.0,36.0
986,1456.0,1053.0,381.0,500.0,541.0,10910.0,10910.0,5160.0,400.0,66.0,15.6,7649.0,87.0,20.0
987,4010.0,2402.0,572.0,2018.0,226.0,18730.0,18730.0,5740.0,600.0,93.0,10.5,15365.0,92.0,36.0
988,2929.0,1834.0,622.0,2738.0,1662.0,12600.0,12600.0,5610.0,450.0,90.0,15.1,9084.0,84.0,20.0
989,1386.0,1060.0,320.0,965.0,502.0,13850.0,13850.0,4755.0,400.0,84.0,12.3,8196.0,85.0,28.0
990,6397.0,4304.0,1092.0,4298.0,132.0,18700.0,18700.0,5580.0,750.0,96.0,12.5,14665.0,91.0,40.0
991,1660.0,1091.0,326.0,1196.0,33.0,3020.0,4818.0,3400.0,350.0,71.0,12.6,10912.0,45.0,15.0
992,1286.0,1005.0,363.0,1363.0,74.0,13900.0,13900.0,4300.0,500.0,75.0,14.0,8024.0,72.0,16.0
993,1107.0,859.0,323.0,1452.0,402.0,11040.0,11040.0,4500.0,600.0,65.0,11.8,9034.0,66.0,13.0
994,1557.0,1074.0,397.0,1805.0,433.0,9813.0,9813.0,4050.0,425.0,45.0,16.7,7307.0,78.0,15.0
995,1742.0,1382.0,607.0,2258.0,53.0,10300.0,10300.0,5080.0,475.0,68.0,14.1,7762.0,89.0,30.0
996,1232.0,955.0,303.0,1241.0,485.0,14990.0,14990.0,4730.0,550.0,86.0,15.2,9566.0,74.0,23.0
998,2519.0,1836.0,462.0,1656.0,352.0,16975.0,16975.0,4565.0,600.0,76.0,12.8,10888.0,83.0,30.0
999,2139.0,1492.0,502.0,2186.0,2171.0,12350.0,12350.0,5370.0,500.0,88.0,12.6,9603.0,63.0,24.0
1000,6773.0,3028.0,1025.0,5847.0,946.0,3086.0,7844.0,2948.0,500.0,66.0,18.0,7041.0,75.0,15.0
1005,5880.0,2840.0,1136.0,5866.0,918.0,3512.0,8285.0,2970.0,500.0,58.0,19.4,6552.0,57.0,12.0
1006,3570.0,2215.0,651.0,3390.0,325.0,2954.0,7352.0,3620.0,225.0,47.0,16.1,6374.0,63.0,17.0
1008,6011.0,3075.0,960.0,5146.0,1532.0,3086.0,7844.0,3830.0,450.0,72.0,16.8,7832.0,71.0,22.0
1009,5818.0,3281.0,1116.0,5268.0,300.0,3086.0,7844.0,3504.0,450.0,80.0,18.8,6719.0,72.0,14.0
1010,4655.0,3113.0,1241.0,5965.0,954.0,2954.0,7352.0,3256.0,500.0,72.0,16.9,6733.0,56.0,26.0
1011,6502.0,3539.0,1372.0,7484.0,1904.0,3086.0,7844.0,4108.0,400.0,76.0,15.3,6773.0,52.0,11.0
1013,1538.0,1259.0,468.0,1664.0,1042.0,11690.0,11690.0,5062.0,600.0,48.0,12.9,8028.0,68.0,19.0
1014,875.0,744.0,207.0,1173.0,1402.0,9700.0,9700.0,4830.0,400.0,45.0,14.5,7652.0,66.0,7.0
1016,936.0,794.0,197.0,752.0,210.0,11240.0,11240.0,4180.0,350.0,71.0,11.2,10065.0,71.0,24.0
1017,1046.0,824.0,284.0,1223.0,451.0,10880.0,10880.0,5050.0,400.0,64.0,19.3,7344.0,69.0,21.0
1018,2519.0,2003.0,776.0,2473.0,1314.0,12750.0,12750.0,6350.0,350.0,84.0,17.4,8243.0,83.0,39.0
1019,700.0,595.0,278.0,1035.0,182.0,10850.0,10850.0,3936.0,500.0,62.0,12.3,8534.0,88.0,19.0
1020,2096.0,1512.0,465.0,1442.0,166.0,16130.0,16130.0,4710.0,400.0,83.0,13.9,10554.0,90.0,27.0
1022,7987.0,5145.0,2399.0,14726.0,4666.0,5314.0,10096.0,5282.0,600.0,87.0,11.2,12231.0,45.0,15.0
1023,1154.0,951.0,253.0,791.0,140.0,11172.0,11172.0,4958.0,700.0,68.0,11.6,9186.0,60.0,15.0
1025,8586.0,6383.0,2503.0,13138.0,4289.0,4962.0,10786.0,4560.0,400.0,93.0,7.8,13789.0,66.0,25.0
1026,4471.0,2942.0,910.0,3674.0,493.0,11584.0,11584.0,5986.0,650.0,83.0,14.1,9131.0,92.0,29.0
1027,1399.0,1026.0,308.0,1131.0,17.0,14900.0,14900.0,5160.0,500.0,82.0,11.6,12082.0,79.0,44.0
1028,7759.0,5588.0,1477.0,6362.0,1292.0,15925.0,15925.0,6507.0,400.0,89.0,13.4,10458.0,96.0,30.0
1029,1305.0,1100.0,334.0,1098.0,151.0,16260.0,16260.0,4005.0,300.0,91.0,12.1,10162.0,86.0,42.0
1030,1190.0,978.0,324.0,1280.0,61.0,8840.0,8840.0,3620.0,500.0,57.0,16.2,6563.0,63.0,12.0
1031,996.0,866.0,377.0,1411.0,72.0,12065.0,12065.0,3615.0,430.0,62.0,12.5,8596.0,80.0,29.0
1032,1631.0,1431.0,434.0,1803.0,603.0,11150.0,11150.0,5130.0,550.0,78.0,13.3,8543.0,67.0,15.0
1033,167.0,130.0,46.0,199.0,676.0,11428.0,11428.0,5084.0,450.0,67.0,8.3,10291.0,67.0,16.0
1034,2989.0,1855.0,691.0,2988.0,1726.0,4990.0,4990.0,3560.0,500.0,75.0,18.1,4509.0,99.0,28.0
1035,1179.0,780.0,290.0,1130.0,638.0,9690.0,9690.0,4785.0,600.0,60.0,13.3,7940.0,74.0,38.0
1036,361.0,321.0,185.0,650.0,819.0,8842.0,8842.0,4782.0,600.0,57.0,14.2,7022.0,52.0,10.0
1041,2198.0,1786.0,632.0,2556.0,1004.0,12600.0,12600.0,6410.0,500.0,84.0,19.0,8353.0,82.0,15.0
1042,5139.0,3346.0,973.0,3717.0,1358.0,14400.0,14400.0,6200.0,450.0,66.0,18.4,8135.0,96.0,20.0
1043,2310.0,1767.0,1030.0,4882.0,2706.0,2370.0,6694.0,5137.0,500.0,74.0,15.7,6827.0,47.0,15.0
1045,1475.0,1257.0,362.0,1393.0,278.0,14200.0,14200.0,6500.0,500.0,64.0,9.6,9232.0,71.0,7.0
1046,9643.0,7751.0,1968.0,8894.0,2456.0,3004.0,10330.0,5558.0,500.0,84.0,16.6,9158.0,63.0,12.0
1047,3304.0,2804.0,679.0,2111.0,1489.0,12520.0,12520.0,6050.0,500.0,44.0,16.4,7957.0,61.0,10.0
1050,174.0,146.0,88.0,1047.0,33.0,8300.0,8300.0,3080.0,600.0,62.0,15.2,3365.0,58.0,8.0
1051,1500.0,1242.0,611.0,2024.0,292.0,3076.0,7070.0,2439.0,400.0,95.0,17.1,7744.0,84.0,12.0
1052,1196.0,697.0,499.0,959.0,13.0,4412.0,4412.0,2460.0,500.0,69.0,16.9,7083.0,21.0,21.0
1053,8065.0,5257.0,2301.0,11755.0,770.0,3036.0,8116.0,3610.0,800.0,82.0,18.0,7597.0,73.0,37.0
1054,604.0,452.0,295.0,690.0,222.0,9888.0,9888.0,4502.0,400.0,64.0,12.1,8741.0,75.0,15.0
1055,4772.0,3140.0,1265.0,6851.0,1200.0,3060.0,6120.0,3460.0,666.0,73.0,17.2,4776.0,51.0,22.0
1056,737.0,614.0,242.0,968.0,237.0,10425.0,10425.0,3975.0,500.0,61.0,14.7,8693.0,76.0,21.0
1057,440.0,407.0,149.0,643.0,80.0,12050.0,12050.0,3700.0,500.0,63.0,10.2,10965.0,75.0,35.0
1058,659.0,557.0,167.0,532.0,35.0,10485.0,10485.0,3840.0,475.0,76.0,13.5,7527.0,67.0,47.0
1059,2161.0,1951.0,685.0,2371.0,175.0,13440.0,13440.0,4048.0,600.0,92.0,13.5,12940.0,82.0,56.0
1060,1166.0,1009.0,510.0,2074.0,341.0,3340.0,4938.0,2987.0,528.0,67.0,17.0,6119.0,51.0,9.0
1062,882.0,730.0,330.0,926.0,12.0,4515.0,4515.0,2550.0,850.0,53.0,18.6,6990.0,60.0,2.0
1063,872.0,722.0,154.0,601.0,36.0,10194.0,10194.0,2600.0,500.0,57.0,11.4,5788.0,83.0,14.0
1064,1082.0,832.0,302.0,1133.0,30.0,11859.0,11859.0,3635.0,554.0,80.0,13.4,8354.0,85.0,34.0
1066,7693.0,5815.0,2328.0,12594.0,3661.0,3196.0,8074.0,3522.0,495.0,84.0,16.9,8246.0,63.0,30.0
1067,848.0,560.0,377.0,1855.0,1412.0,2320.0,5800.0,3066.0,500.0,62.0,14.8,5035.0,48.0,14.0
1068,1854.0,1391.0,732.0,3020.0,1174.0,2710.0,7000.0,4090.0,600.0,74.0,17.0,5201.0,51.0,9.0
1069,1465.0,1006.0,188.0,703.0,20.0,4450.0,4450.0,2522.0,500.0,43.0,22.9,5861.0,58.0,10.0
1070,2320.0,1805.0,769.0,3395.0,670.0,3620.0,6400.0,3392.0,580.0,71.0,12.8,6729.0,59.0,24.0
1071,1501.0,935.0,273.0,1059.0,34.0,12680.0,12680.0,4150.0,605.0,91.0,15.3,7875.0,75.0,51.0
1073,1801.0,1655.0,819.0,3224.0,436.0,2920.0,5840.0,3138.0,400.0,76.0,19.1,5039.0,43.0,13.0
1074,761.0,725.0,306.0,1337.0,300.0,10990.0,10990.0,3244.0,600.0,66.0,10.4,6871.0,69.0,21.0
1076,342.0,182.0,135.0,538.0,228.0,7540.0,7540.0,2710.0,600.0,38.0,11.4,7334.0,75.0,12.0
1077,385.0,358.0,229.0,988.0,597.0,1323.0,3222.0,2604.0,600.0,47.0,19.4,5291.0,35.0,5.0
1078,600.0,197.0,124.0,392.0,69.0,7260.0,7260.0,3090.0,600.0,31.0,12.9,9249.0,21.0,3.0
1079,279.0,276.0,126.0,600.0,435.0,6844.0,6844.0,2980.0,500.0,45.0,11.7,5073.0,44.0,17.0
1080,2056.0,2054.0,2054.0,2239.0,686.0,1411.0,3437.0,2202.0,550.0,68.0,20.2,5252.0,54.0,10.0
1081,437.0,400.0,211.0,614.0,271.0,8990.0,8990.0,3064.0,500.0,73.0,14.8,7881.0,48.0,13.0
1083,2807.0,2589.0,1701.0,7000.0,1103.0,1454.0,3811.0,2190.0,500.0,62.0,15.0,5084.0,67.0,13.0
1086,1220.0,974.0,481.0,1964.0,623.0,7800.0,7800.0,3664.0,650.0,61.0,11.1,7614.0,49.0,28.0
1087,502.0,384.0,104.0,347.0,74.0,6200.0,6200.0,2900.0,600.0,63.0,11.7,7623.0,35.0,11.0
1088,1096.0,951.0,464.0,1776.0,239.0,8150.0,8150.0,3150.0,400.0,61.0,13.6,6716.0,67.0,27.0
1089,880.0,520.0,224.0,1068.0,364.0,9300.0,9300.0,3260.0,600.0,81.0,11.1,8129.0,63.0,16.0
1090,308.0,281.0,199.0,491.0,251.0,5500.0,5500.0,2950.0,250.0,55.0,11.3,6020.0,37.0,12.0
1092,3330.0,2730.0,1303.0,6706.0,2640.0,1800.0,5800.0,3000.0,600.0,73.0,14.0,9825.0,42.0,15.0
1094,895.0,548.0,314.0,1174.0,50.0,5500.0,5500.0,3340.0,600.0,68.0,16.1,6078.0,62.0,20.0
1095,355.0,300.0,142.0,509.0,44.0,8664.0,8664.0,3350.0,600.0,65.0,10.7,8954.0,65.0,34.0
1097,831.0,538.0,224.0,840.0,325.0,5170.0,5170.0,3430.0,600.0,61.0,16.1,5531.0,60.0,15.0
1100,787.0,562.0,363.0,925.0,605.0,5950.0,5950.0,2890.0,600.0,67.0,14.6,5177.0,53.0,21.0
1101,1464.0,888.0,176.0,624.0,128.0,11200.0,11200.0,4208.0,500.0,80.0,11.1,8317.0,51.0,26.0
1104,610.0,461.0,189.0,685.0,49.0,8200.0,8200.0,3300.0,550.0,63.0,12.0,8128.0,64.0,26.0
1106,2302.0,1831.0,391.0,1345.0,59.0,15200.0,15200.0,4768.0,550.0,90.0,10.8,13388.0,77.0,58.0
1108,2594.0,2542.0,1580.0,6461.0,910.0,1740.0,4025.0,3625.0,700.0,76.0,16.9,5799.0,54.0,11.0
1109,232.0,182.0,99.0,402.0,237.0,7070.0,7070.0,3640.0,400.0,59.0,8.9,6286.0,36.0,7.0
1110,272.0,272.0,145.0,770.0,213.0,4750.0,4750.0,3270.0,500.0,57.0,14.0,5881.0,49.0,13.0
1111,626.0,372.0,145.0,983.0,40.0,7700.0,7700.0,3400.0,450.0,70.0,21.9,4933.0,52.0,12.0
1114,7473.0,5372.0,3013.0,15749.0,3237.0,1830.0,5764.0,3262.0,750.0,86.0,16.5,8612.0,53.0,27.0
1116,1445.0,966.0,326.0,1129.0,24.0,15350.0,15350.0,4080.0,450.0,89.0,10.3,18784.0,82.0,46.0
1117,7791.0,4690.0,1499.0,5500.0,90.0,17865.0,17865.0,6525.0,630.0,93.0,5.8,23850.0,83.0,71.0
1119,1660.0,1232.0,721.0,2885.0,537.0,7440.0,7440.0,3300.0,450.0,70.0,18.1,7041.0,60.0,23.0
1120,3540.0,2001.0,1016.0,4190.0,1512.0,840.0,5130.0,3592.0,500.0,60.0,23.1,4010.0,34.0,24.0
1121,948.0,798.0,295.0,1120.0,15.0,11280.0,11280.0,4342.0,400.0,81.0,13.0,11361.0,71.0,42.0
1122,232.0,216.0,106.0,534.0,172.0,6900.0,6900.0,3800.0,450.0,67.0,12.1,6875.0,42.0,16.0
1123,360.0,314.0,155.0,848.0,1542.0,5400.0,5400.0,3270.0,500.0,48.0,14.4,7081.0,87.0,37.0
1124,379.0,341.0,265.0,1050.0,151.0,4950.0,4950.0,2780.0,530.0,62.0,15.7,5619.0,38.0,10.0
1126,467.0,424.0,350.0,1365.0,334.0,6300.0,6300.0,2980.0,700.0,75.0,13.7,7054.0,38.0,16.0
1127,516.0,454.0,322.0,1201.0,214.0,5190.0,5190.0,2992.0,400.0,59.0,12.7,5684.0,37.0,13.0
1130,1163.0,927.0,386.0,1685.0,556.0,8840.0,8840.0,4689.0,750.0,67.0,11.4,6095.0,95.0,16.0
1131,2336.0,1725.0,1043.0,5438.0,4058.0,864.0,4752.0,3040.0,508.0,48.0,18.4,5879.0,26.0,10.0
1132,477.0,417.0,204.0,1532.0,77.0,8840.0,8840.0,4240.0,600.0,58.0,20.8,6863.0,56.0,29.0
1133,550.0,500.0,275.0,863.0,218.0,6612.0,6612.0,2954.0,300.0,39.0,11.9,5367.0,39.0,9.0
1135,578.0,411.0,187.0,880.0,477.0,6930.0,6930.0,3452.0,400.0,57.0,11.0,6383.0,32.0,25.0
1137,4418.0,2737.0,2049.0,14047.0,5134.0,672.0,4104.0,3579.0,450.0,86.0,22.6,5657.0,35.0,23.0
1138,2308.0,1336.0,295.0,1202.0,942.0,8530.0,8530.0,3644.0,616.0,56.0,14.9,7114.0,37.0,22.0
1141,4839.0,3549.0,1577.0,8901.0,2245.0,840.0,5130.0,2970.0,900.0,76.0,27.2,4029.0,43.0,41.0
1142,584.0,413.0,131.0,521.0,99.0,8955.0,8955.0,5900.0,500.0,51.0,11.8,8545.0,52.0,19.0
1143,4301.0,3455.0,1166.0,4892.0,387.0,12772.0,12772.0,5078.0,576.0,74.0,13.5,12726.0,72.0,41.0
1144,8532.0,5316.0,2421.0,13806.0,4277.0,840.0,4860.0,3676.0,500.0,70.0,21.2,4056.0,39.0,14.0
1145,321.0,318.0,172.0,620.0,280.0,7536.0,7536.0,3736.0,430.0,44.0,13.0,5309.0,36.0,11.0
1146,1244.0,912.0,352.0,1177.0,43.0,11850.0,11850.0,4675.0,600.0,83.0,11.3,12995.0,67.0,44.0
1147,1272.0,1012.0,375.0,1732.0,936.0,9428.0,9428.0,4070.0,600.0,76.0,15.7,7037.0,46.0,20.0
1148,1243.0,1020.0,414.0,2149.0,418.0,8678.0,8678.0,3858.0,700.0,82.0,16.2,7651.0,72.0,33.0
1149,5870.0,4461.0,2272.0,9851.0,1289.0,780.0,4860.0,3610.0,200.0,85.0,21.4,3997.0,50.0,12.0
1151,2405.0,2234.0,1061.0,4564.0,448.0,840.0,4290.0,3500.0,598.0,55.0,19.4,5967.0,35.0,10.0
1153,4095.0,3079.0,1195.0,5064.0,660.0,8490.0,8490.0,3320.0,650.0,81.0,14.8,9158.0,64.0,33.0
1155,254.0,189.0,189.0,503.0,40.0,3605.0,3605.0,2430.0,300.0,37.0,18.4,4800.0,26.0,15.0
1157,497.0,423.0,215.0,895.0,429.0,7850.0,7850.0,3410.0,490.0,54.0,13.8,7002.0,50.0,27.0
1159,6334.0,5051.0,2957.0,16785.0,2780.0,780.0,4860.0,3688.0,530.0,82.0,24.7,5449.0,41.0,25.0
1160,592.0,501.0,279.0,1204.0,392.0,6400.0,6400.0,3484.0,600.0,80.0,14.5,7936.0,43.0,19.0
1162,2425.0,1818.0,601.0,2110.0,95.0,12240.0,12240.0,5150.0,500.0,94.0,9.6,14703.0,93.0,62.0
1163,681.0,588.0,246.0,1058.0,73.0,10760.0,10760.0,6230.0,500.0,85.0,13.4,8731.0,63.0,44.0
1165,374.0,280.0,185.0,995.0,408.0,8550.0,8550.0,4050.0,500.0,75.0,12.6,7237.0,62.0,45.0
1170,1950.0,1506.0,1023.0,4111.0,1301.0,672.0,4104.0,2706.0,500.0,70.0,21.9,4717.0,34.0,7.0
1171,6075.0,5349.0,2367.0,9919.0,484.0,6450.0,6450.0,3920.0,600.0,71.0,18.5,7503.0,72.0,34.0
1175,529.0,481.0,243.0,1206.0,134.0,780.0,4860.0,3122.0,600.0,103.0,17.4,6415.0,43.0,22.0
1184,917.0,720.0,213.0,979.0,743.0,8820.0,8820.0,4050.0,600.0,68.0,10.5,7170.0,50.0,21.0
1185,627.0,556.0,172.0,777.0,538.0,9925.0,9925.0,4135.0,750.0,59.0,22.4,6523.0,48.0,16.0
1186,377.0,358.0,181.0,653.0,129.0,7150.0,7150.0,4350.0,450.0,61.0,17.8,6259.0,53.0,15.0
1187,838.0,673.0,292.0,881.0,55.0,10265.0,10265.0,4725.0,560.0,68.0,13.2,8655.0,82.0,22.0
1188,7117.0,3106.0,1217.0,5186.0,134.0,2808.0,11720.0,4298.0,600.0,89.0,12.1,9534.0,93.0,68.0
1189,883.0,766.0,428.0,2910.0,1749.0,2332.0,7860.0,4750.0,525.0,80.0,21.2,4639.0,48.0,3.0
1190,486.0,440.0,227.0,903.0,59.0,9650.0,9650.0,3800.0,600.0,46.0,11.4,10188.0,82.0,19.0
1191,765.0,646.0,226.0,809.0,32.0,8578.0,8578.0,4408.0,700.0,79.0,13.9,8061.0,82.0,30.0
1192,1339.0,1107.0,336.0,1051.0,82.0,9400.0,9400.0,4200.0,500.0,53.0,12.5,7967.0,22.0,12.0
1193,817.0,644.0,307.0,945.0,1.0,13218.0,13218.0,4773.0,660.0,95.0,13.3,12263.0,69.0,20.0
1194,7178.0,3755.0,1433.0,4623.0,740.0,7161.0,7161.0,3518.0,600.0,60.0,14.0,6791.0,70.0,25.0
1195,602.0,498.0,215.0,795.0,74.0,13470.0,13470.0,5515.0,500.0,78.0,11.1,13957.0,72.0,26.0
1196,2747.0,1870.0,724.0,2874.0,118.0,2606.0,7920.0,3962.0,550.0,74.0,18.4,5553.0,62.0,12.0
1197,1756.0,1500.0,366.0,1524.0,280.0,12450.0,12450.0,5400.0,450.0,62.0,12.4,8832.0,70.0,3.0
1198,11223.0,5285.0,2082.0,9652.0,742.0,3900.0,7994.0,4544.0,500.0,77.0,17.9,5212.0,98.0,32.0
1199,499.0,441.0,199.0,846.0,377.0,11200.0,11200.0,7400.0,600.0,66.0,6.8,10819.0,90.0,26.0
1200,941.0,772.0,214.0,1247.0,776.0,11390.0,11390.0,5280.0,500.0,77.0,10.6,8575.0,55.0,10.0
1201,4569.0,3110.0,1251.0,8346.0,2501.0,3854.0,9464.0,4540.0,600.0,79.0,15.1,6727.0,45.0,18.0
1202,5702.0,4894.0,1742.0,8077.0,472.0,2924.0,6684.0,4110.0,500.0,73.0,19.6,4519.0,62.0,15.0
1203,1771.0,1325.0,306.0,1071.0,27.0,13840.0,13840.0,3735.0,400.0,77.0,10.7,11080.0,74.0,21.0
1204,696.0,616.0,169.0,653.0,56.0,13970.0,13970.0,6110.0,370.0,88.0,9.2,16358.0,68.0,35.0
1205,4963.0,3497.0,1567.0,10262.0,5065.0,3034.0,10217.0,4182.0,500.0,81.0,8.7,11183.0,45.0,18.0
1206,2227.0,1790.0,437.0,1460.0,239.0,13425.0,13425.0,4425.0,450.0,85.0,13.0,9405.0,72.0,27.0
1208,651.0,581.0,243.0,617.0,34.0,5000.0,5000.0,3650.0,600.0,45.0,14.0,8426.0,45.0,8.0
1209,462.0,402.0,146.0,527.0,41.0,14500.0,14500.0,6000.0,500.0,91.0,6.5,18953.0,61.0,36.0
1210,5892.0,2718.0,756.0,2854.0,594.0,14500.0,14500.0,3285.0,700.0,75.0,11.7,11984.0,100.0,46.0
1211,4350.0,2178.0,756.0,2997.0,736.0,2026.0,6490.0,4942.0,650.0,75.0,17.6,5358.0,84.0,39.0
1212,689.0,561.0,250.0,1125.0,422.0,3093.0,7168.0,3689.0,600.0,67.0,18.1,4417.0,46.0,15.0
1213,5653.0,4326.0,1727.0,9528.0,3822.0,4044.0,10800.0,4840.0,580.0,93.0,19.3,6751.0,46.0,17.0
1217,2996.0,2440.0,704.0,3006.0,338.0,1894.0,5587.0,4845.0,500.0,61.0,16.0,5733.0,31.0,2.0
1219,1847.0,1610.0,453.0,1298.0,67.0,7384.0,7384.0,3494.0,500.0,51.0,13.7,6757.0,30.0,19.0
1220,1470.0,900.0,287.0,1130.0,417.0,10900.0,10900.0,5100.0,500.0,70.0,15.7,7804.0,68.0,20.0
1221,3315.0,1096.0,425.0,1584.0,3.0,13750.0,13750.0,4619.0,680.0,81.0,9.6,15736.0,90.0,68.0
1224,81.0,72.0,51.0,139.0,3.0,8730.0,8730.0,3600.0,400.0,92.0,9.3,10922.0,58.0,33.0
1225,519.0,327.0,114.0,457.0,2.0,21700.0,21700.0,4100.0,600.0,35.0,10.1,16364.0,55.0,25.0
1226,1257.0,940.0,363.0,1547.0,294.0,3660.0,7656.0,4690.0,400.0,89.0,14.7,6318.0,79.0,9.0
1227,141.0,118.0,55.0,201.0,173.0,8300.0,8300.0,4850.0,450.0,53.0,9.5,6936.0,76.0,12.0
1229,780.0,628.0,198.0,545.0,42.0,11750.0,11750.0,2700.0,400.0,77.0,14.0,6475.0,76.0,7.0
1230,833.0,669.0,279.0,1224.0,345.0,3312.0,7656.0,4690.0,500.0,80.0,14.4,6564.0,36.0,3.0
1231,535.0,502.0,223.0,959.0,150.0,3168.0,7320.0,4640.0,500.0,48.0,12.6,7114.0,51.0,6.0
1234,1743.0,1625.0,626.0,1862.0,382.0,14134.0,14134.0,5270.0,500.0,71.0,13.1,9209.0,63.0,8.0
1235,520.0,204.0,108.0,418.0,279.0,8940.0,8940.0,4514.0,500.0,28.0,13.4,6479.0,57.0,11.0
1236,1910.0,1380.0,463.0,1715.0,106.0,13030.0,13030.0,5860.0,500.0,79.0,14.5,10190.0,84.0,16.0
1237,222.0,185.0,91.0,484.0,541.0,11010.0,11010.0,5208.0,550.0,58.0,10.4,9586.0,78.0,16.0
1238,7663.0,6008.0,1735.0,7353.0,1674.0,6210.0,15516.0,4928.0,500.0,87.0,9.9,12646.0,79.0,18.0
1239,2785.0,2011.0,1007.0,6507.0,898.0,2053.0,7242.0,3603.0,654.0,67.0,18.1,6413.0,51.0,8.0
1242,1886.0,1524.0,526.0,2523.0,296.0,13000.0,13000.0,4450.0,600.0,78.0,14.7,9553.0,69.0,31.0
1243,1603.0,1392.0,504.0,2580.0,302.0,13312.0,13312.0,4488.0,600.0,78.0,11.0,9431.0,83.0,31.0
1244,1183.0,1016.0,411.0,1922.0,704.0,12669.0,12669.0,4875.0,600.0,83.0,16.8,10368.0,66.0,42.0
1245,2115.0,1540.0,494.0,2993.0,347.0,12825.0,12825.0,4375.0,500.0,85.0,12.2,10175.0,89.0,28.0
1246,191.0,165.0,63.0,494.0,574.0,11550.0,11550.0,4270.0,300.0,43.0,14.5,9209.0,40.0,5.0
1247,4044.0,2826.0,688.0,2738.0,138.0,16230.0,16230.0,4500.0,630.0,79.0,15.0,11217.0,63.0,51.0
1250,6540.0,5839.0,2440.0,14445.0,1344.0,2907.0,8200.0,4210.0,800.0,84.0,16.9,10912.0,56.0,31.0
1251,5548.0,3563.0,1549.0,8909.0,506.0,2406.0,8124.0,4144.0,639.0,83.0,22.7,7203.0,61.0,30.0
1252,1861.0,998.0,359.0,1220.0,46.0,16670.0,16670.0,4900.0,750.0,80.0,10.5,13198.0,72.0,45.0
1253,1121.0,926.0,372.0,1270.0,160.0,12660.0,12660.0,4500.0,678.0,80.0,16.9,8328.0,80.0,43.0
1254,1801.0,1101.0,438.0,3065.0,363.0,1785.0,6297.0,4600.0,600.0,75.0,18.1,8355.0,68.0,14.0
1255,494.0,313.0,157.0,1317.0,1235.0,8352.0,8352.0,3640.0,650.0,36.0,11.1,8127.0,55.0,23.0
1256,1320.0,923.0,284.0,1085.0,81.0,16304.0,16304.0,3616.0,355.0,87.0,11.1,12957.0,69.0,26.0
1257,1160.0,991.0,352.0,1357.0,737.0,12200.0,12200.0,3880.0,480.0,74.0,17.8,7666.0,79.0,19.0
1258,1616.0,1427.0,434.0,1405.0,580.0,13125.0,13125.0,3775.0,500.0,74.0,15.9,7364.0,62.0,20.0
1260,497.0,452.0,231.0,887.0,1957.0,9400.0,9400.0,4005.0,500.0,49.0,17.2,4054.0,57.0,24.0
1261,1243.0,947.0,324.0,1129.0,74.0,17163.0,17163.0,3891.0,525.0,76.0,10.1,13965.0,77.0,50.0
1262,824.0,670.0,337.0,1160.0,653.0,9400.0,9400.0,3400.0,500.0,37.0,8.4,5352.0,59.0,15.0
1263,5152.0,4600.0,1685.0,7016.0,804.0,11610.0,11610.0,4760.0,600.0,86.0,13.5,9982.0,77.0,36.0
1264,1217.0,1088.0,496.0,1773.0,884.0,11505.0,11505.0,3255.0,1000.0,35.0,16.7,7140.0,67.0,36.0
1265,235.0,217.0,121.0,931.0,487.0,8950.0,8950.0,3119.0,550.0,51.0,10.7,7016.0,78.0,12.0
1266,907.0,802.0,200.0,726.0,61.0,9570.0,9570.0,3750.0,350.0,58.0,15.9,7774.0,52.0,15.0
1267,587.0,501.0,211.0,735.0,28.0,15200.0,15200.0,4100.0,350.0,87.0,9.4,12472.0,64.0,28.0
1268,1334.0,1243.0,568.0,1946.0,95.0,12140.0,12140.0,4450.0,425.0,74.0,15.1,8595.0,88.0,30.0
1271,2409.0,1939.0,759.0,3819.0,1347.0,2284.0,6900.0,2800.0,475.0,81.0,22.2,5968.0,46.0,17.0
1272,647.0,518.0,271.0,1014.0,387.0,9140.0,9140.0,3365.0,500.0,51.0,10.7,8050.0,73.0,17.0
1273,2593.0,1966.0,1030.0,6038.0,579.0,1916.0,6704.0,2592.0,376.0,78.0,21.0,6254.0,65.0,9.0
1274,5729.0,4520.0,1957.0,8516.0,1264.0,2208.0,6996.0,2705.0,279.0,80.0,19.3,6139.0,61.0,20.0
1279,910.0,910.0,342.0,1434.0,417.0,2050.0,7032.0,2780.0,550.0,75.0,15.2,6490.0,36.0,14.0
1280,4400.0,3719.0,1472.0,7804.0,1552.0,2300.0,6950.0,2500.0,300.0,90.0,23.1,5559.0,67.0,12.0
1282,4800.0,2900.0,1515.0,7764.0,1472.0,2158.0,6874.0,2394.0,518.0,73.0,19.2,5901.0,56.0,14.0
1283,152.0,128.0,75.0,282.0,22.0,9100.0,9100.0,3700.0,500.0,48.0,8.5,8960.0,50.0,17.0
1284,582.0,498.0,172.0,799.0,78.0,10468.0,10468.0,3380.0,660.0,40.0,11.5,8991.0,52.0,21.0
1285,664.0,515.0,210.0,712.0,10.0,15700.0,15700.0,5750.0,400.0,80.0,13.0,10941.0,59.0,12.0
1288,629.0,501.0,183.0,754.0,187.0,9400.0,9400.0,4450.0,400.0,64.0,12.8,8813.0,94.0,10.0
1289,2485.0,1800.0,1800.0,4540.0,2073.0,1800.0,4238.0,3040.0,600.0,37.0,19.6,3191.0,50.0,10.0
1290,1246.0,1246.0,553.0,1595.0,669.0,1782.0,4080.0,3264.0,600.0,25.0,17.3,3689.0,65.0,8.0
1291,4226.0,3666.0,2007.0,7703.0,2339.0,1660.0,5094.0,4010.0,700.0,77.0,16.6,6203.0,50.0,14.0
1292,682.0,535.0,204.0,771.0,611.0,9500.0,9500.0,3540.0,400.0,26.0,2.5,7683.0,57.0,22.0
1293,489.0,384.0,120.0,700.0,45.0,10575.0,10575.0,3952.0,400.0,46.0,13.0,8946.0,98.0,23.0
1294,1405.0,1167.0,557.0,2452.0,1113.0,2064.0,4694.0,3890.0,700.0,57.0,16.5,3485.0,46.0,20.0
1295,1164.0,1062.0,478.0,2138.0,227.0,1900.0,4470.0,2890.0,600.0,33.0,16.3,4249.0,60.0,12.0
1299,1566.0,1400.0,483.0,1509.0,170.0,14200.0,14200.0,3775.0,450.0,58.0,16.4,8080.0,67.0,28.0
1300,903.0,755.0,213.0,971.0,305.0,10500.0,10500.0,4545.0,600.0,66.0,14.1,7494.0,72.0,15.0
1301,2029.0,1516.0,1073.0,7535.0,1488.0,1908.0,5988.0,3422.0,600.0,91.0,15.1,8745.0,45.0,23.0
